"","V1","V2","V3","V4","V5","V6","V7","V8","V9","V10","V11","V12","V13","V14","V15","V16","V17","V18","V19","V20","V21","V22","V23","V24","V25","V26","V27","V28","V29","V30","V31","V32","V33","V34","V35","V36","V37","V38","V39","V40","V41","V42","V43","V44","V45","V46","V47","V48","V49","V50","V51","V52","V53","V54","V55","V56","V57","V58","V59"
"1",0.01476666667,0.01476666667,0.01476666667,0.01476666667,0.01476666667,0.01476666667,0.01476666667,0.01476666667,0.01476666667,0.01476666667,0.01476666667,0.01476666667,0.01476666667,0.01476666667,0.01476666667,0.01476666667,0.01476666667,0.01476666667,0.01476666667,0.01476666667,0.01476666667,0.01476666667,0.01476666667,0.01476666667,0.01476666667,0.01476666667,0.01476666667,0.01476666667,0.01476666667,0.01476666667,0.01476666667,0.01476666667,0.01476666667,0.01476666667,0.01476666667,0.01476666667,0.01476666667,0.01476666667,0.01476666667,0.01476666667,0.01476666667,0.01476666667,0.01476666667,0.01476666667,0.01476666667,0.01476666667,0.01476666667,0.01476666667,0.01476666667,0.01476666667,0.01476666667,0.01476666667,0.01476666667,0.01476666667,0.01476666667,0.01476666667,0.01476666667,0.01476666667,0.01476666667
"2",0.01453333333,0.01453333333,0.01453333333,0.01453333333,0.01453333333,0.01453333333,0.01453333333,0.01453333333,0.01453333333,0.01453333333,0.01453333333,0.01453333333,0.01453333333,0.01453333333,0.01453333333,0.01453333333,0.01453333333,0.01453333333,0.01453333333,0.01453333333,0.01453333333,0.01453333333,0.01453333333,0.01453333333,0.01453333333,0.01453333333,0.01453333333,0.01453333333,0.01453333333,0.01453333333,0.01453333333,0.01453333333,0.01453333333,0.01453333333,0.01453333333,0.01453333333,0.01453333333,0.01453333333,0.01453333333,0.01453333333,0.01453333333,0.01453333333,0.01453333333,0.01453333333,0.01453333333,0.01453333333,0.01453333333,0.01453333333,0.01453333333,0.01453333333,0.01453333333,0.01453333333,0.01453333333,0.01453333333,0.01453333333,0.01453333333,0.01453333333,0.01453333333,0.01453333333
"3",0.01673333333,0.01673333333,0.01673333333,0.01673333333,0.01673333333,0.01673333333,0.01673333333,0.01673333333,0.01673333333,0.01673333333,0.01673333333,0.01673333333,0.01673333333,0.01673333333,0.01673333333,0.01673333333,0.01673333333,0.01673333333,0.01673333333,0.01673333333,0.01673333333,0.01673333333,0.01673333333,0.01673333333,0.01673333333,0.01673333333,0.01673333333,0.01673333333,0.01673333333,0.01673333333,0.01673333333,0.01673333333,0.01673333333,0.01673333333,0.01673333333,0.01673333333,0.01673333333,0.01673333333,0.01673333333,0.01673333333,0.01673333333,0.01673333333,0.01673333333,0.01673333333,0.01673333333,0.01673333333,0.01673333333,0.01673333333,0.01673333333,0.01673333333,0.01673333333,0.01673333333,0.01673333333,0.01673333333,0.01673333333,0.01673333333,0.01673333333,0.01673333333,0.01673333333
"4",0.0188,0.0188,0.0188,0.0188,0.0188,0.0188,0.0188,0.0188,0.0188,0.0188,0.0188,0.0188,0.0188,0.0188,0.0188,0.0188,0.0188,0.0188,0.0188,0.0188,0.0188,0.0188,0.0188,0.0188,0.0188,0.0188,0.0188,0.0188,0.0188,0.0188,0.0188,0.0188,0.0188,0.0188,0.0188,0.0188,0.0188,0.0188,0.0188,0.0188,0.0188,0.0188,0.0188,0.0188,0.0188,0.0188,0.0188,0.0188,0.0188,0.0188,0.0188,0.0188,0.0188,0.0188,0.0188,0.0188,0.0188,0.0188,0.0188
"5",0.0161,0.0161,0.0161,0.0161,0.0161,0.0161,0.0161,0.0161,0.0161,0.0161,0.0161,0.0161,0.0161,0.0161,0.0161,0.0161,0.0161,0.0161,0.0161,0.0161,0.0161,0.0161,0.0161,0.0161,0.0161,0.0161,0.0161,0.0161,0.0161,0.0161,0.0161,0.0161,0.0161,0.0161,0.0161,0.0161,0.0161,0.0161,0.0161,0.0161,0.0161,0.0161,0.0161,0.0161,0.0161,0.0161,0.0161,0.0161,0.0161,0.0161,0.0161,0.0161,0.0161,0.0161,0.0161,0.0161,0.0161,0.0161,0.0161
"6",0.02223333333,0.02223333333,0.02223333333,0.02223333333,0.02223333333,0.02223333333,0.02223333333,0.02223333333,0.02223333333,0.02223333333,0.02223333333,0.02223333333,0.02223333333,0.02223333333,0.02223333333,0.02223333333,0.02223333333,0.02223333333,0.02223333333,0.02223333333,0.02223333333,0.02223333333,0.02223333333,0.02223333333,0.02223333333,0.02223333333,0.02223333333,0.02223333333,0.02223333333,0.02223333333,0.02223333333,0.02223333333,0.02223333333,0.02223333333,0.02223333333,0.02223333333,0.02223333333,0.02223333333,0.02223333333,0.02223333333,0.02223333333,0.02223333333,0.02223333333,0.02223333333,0.02223333333,0.02223333333,0.02223333333,0.02223333333,0.02223333333,0.02223333333,0.02223333333,0.02223333333,0.02223333333,0.02223333333,0.02223333333,0.02223333333,0.02223333333,0.02223333333,0.02223333333
"7",0.0185,0.0185,0.0185,0.0185,0.0185,0.0185,0.0185,0.0185,0.0185,0.0185,0.0185,0.0185,0.0185,0.0185,0.0185,0.0185,0.0185,0.0185,0.0185,0.0185,0.0185,0.0185,0.0185,0.0185,0.0185,0.0185,0.0185,0.0185,0.0185,0.0185,0.0185,0.0185,0.0185,0.0185,0.0185,0.0185,0.0185,0.0185,0.0185,0.0185,0.0185,0.0185,0.0185,0.0185,0.0185,0.0185,0.0185,0.0185,0.0185,0.0185,0.0185,0.0185,0.0185,0.0185,0.0185,0.0185,0.0185,0.0185,0.0185
"8",0.0164,0.0164,0.0164,0.0164,0.0164,0.0164,0.0164,0.0164,0.0164,0.0164,0.0164,0.0164,0.0164,0.0164,0.0164,0.0164,0.0164,0.0164,0.0164,0.0164,0.0164,0.0164,0.0164,0.0164,0.0164,0.0164,0.0164,0.0164,0.0164,0.0164,0.0164,0.0164,0.0164,0.0164,0.0164,0.0164,0.0164,0.0164,0.0164,0.0164,0.0164,0.0164,0.0164,0.0164,0.0164,0.0164,0.0164,0.0164,0.0164,0.0164,0.0164,0.0164,0.0164,0.0164,0.0164,0.0164,0.0164,0.0164,0.0164
"9",0.01963333333,0.01963333333,0.01963333333,0.01963333333,0.01963333333,0.01963333333,0.01963333333,0.01963333333,0.01963333333,0.01963333333,0.01963333333,0.01963333333,0.01963333333,0.01963333333,0.01963333333,0.01963333333,0.01963333333,0.01963333333,0.01963333333,0.01963333333,0.01963333333,0.01963333333,0.01963333333,0.01963333333,0.01963333333,0.01963333333,0.01963333333,0.01963333333,0.01963333333,0.01963333333,0.01963333333,0.01963333333,0.01963333333,0.01963333333,0.01963333333,0.01963333333,0.01963333333,0.01963333333,0.01963333333,0.01963333333,0.01963333333,0.01963333333,0.01963333333,0.01963333333,0.01963333333,0.01963333333,0.01963333333,0.01963333333,0.01963333333,0.01963333333,0.01963333333,0.01963333333,0.01963333333,0.01963333333,0.01963333333,0.01963333333,0.01963333333,0.01963333333,0.01963333333
"10",0.01643333333,0.01643333333,0.01643333333,0.01643333333,0.01643333333,0.01643333333,0.01643333333,0.01643333333,0.01643333333,0.01643333333,0.01643333333,0.01643333333,0.01643333333,0.01643333333,0.01643333333,0.01643333333,0.01643333333,0.01643333333,0.01643333333,0.01643333333,0.01643333333,0.01643333333,0.01643333333,0.01643333333,0.01643333333,0.01643333333,0.01643333333,0.01643333333,0.01643333333,0.01643333333,0.01643333333,0.01643333333,0.01643333333,0.01643333333,0.01643333333,0.01643333333,0.01643333333,0.01643333333,0.01643333333,0.01643333333,0.01643333333,0.01643333333,0.01643333333,0.01643333333,0.01643333333,0.01643333333,0.01643333333,0.01643333333,0.01643333333,0.01643333333,0.01643333333,0.01643333333,0.01643333333,0.01643333333,0.01643333333,0.01643333333,0.01643333333,0.01643333333,0.01643333333
"11",0.0164,0.0164,0.0164,0.0164,0.0164,0.0164,0.0164,0.0164,0.0164,0.0164,0.0164,0.0164,0.0164,0.0164,0.0164,0.0164,0.0164,0.0164,0.0164,0.0164,0.0164,0.0164,0.0164,0.0164,0.0164,0.0164,0.0164,0.0164,0.0164,0.0164,0.0164,0.0164,0.0164,0.0164,0.0164,0.0164,0.0164,0.0164,0.0164,0.0164,0.0164,0.0164,0.0164,0.0164,0.0164,0.0164,0.0164,0.0164,0.0164,0.0164,0.0164,0.0164,0.0164,0.0164,0.0164,0.0164,0.0164,0.0164,0.0164
"12",0.01793333333,0.01793333333,0.01793333333,0.01793333333,0.01793333333,0.01793333333,0.01793333333,0.01793333333,0.01793333333,0.01793333333,0.01793333333,0.01793333333,0.01793333333,0.01793333333,0.01793333333,0.01793333333,0.01793333333,0.01793333333,0.01793333333,0.01793333333,0.01793333333,0.01793333333,0.01793333333,0.01793333333,0.01793333333,0.01793333333,0.01793333333,0.01793333333,0.01793333333,0.01793333333,0.01793333333,0.01793333333,0.01793333333,0.01793333333,0.01793333333,0.01793333333,0.01793333333,0.01793333333,0.01793333333,0.01793333333,0.01793333333,0.01793333333,0.01793333333,0.01793333333,0.01793333333,0.01793333333,0.01793333333,0.01793333333,0.01793333333,0.01793333333,0.01793333333,0.01793333333,0.01793333333,0.01793333333,0.01793333333,0.01793333333,0.01793333333,0.01793333333,0.01793333333
"13",0.01826666667,0.01826666667,0.01826666667,0.01826666667,0.01826666667,0.01826666667,0.01826666667,0.01826666667,0.01826666667,0.01826666667,0.01826666667,0.01826666667,0.01826666667,0.01826666667,0.01826666667,0.01826666667,0.01826666667,0.01826666667,0.01826666667,0.01826666667,0.01826666667,0.01826666667,0.01826666667,0.01826666667,0.01826666667,0.01826666667,0.01826666667,0.01826666667,0.01826666667,0.01826666667,0.01826666667,0.01826666667,0.01826666667,0.01826666667,0.01826666667,0.01826666667,0.01826666667,0.01826666667,0.01826666667,0.01826666667,0.01826666667,0.01826666667,0.01826666667,0.01826666667,0.01826666667,0.01826666667,0.01826666667,0.01826666667,0.01826666667,0.01826666667,0.01826666667,0.01826666667,0.01826666667,0.01826666667,0.01826666667,0.01826666667,0.01826666667,0.01826666667,0.01826666667
"14",0.01586666667,0.01586666667,0.01586666667,0.01586666667,0.01586666667,0.01586666667,0.01586666667,0.01586666667,0.01586666667,0.01586666667,0.01586666667,0.01586666667,0.01586666667,0.01586666667,0.01586666667,0.01586666667,0.01586666667,0.01586666667,0.01586666667,0.01586666667,0.01586666667,0.01586666667,0.01586666667,0.01586666667,0.01586666667,0.01586666667,0.01586666667,0.01586666667,0.01586666667,0.01586666667,0.01586666667,0.01586666667,0.01586666667,0.01586666667,0.01586666667,0.01586666667,0.01586666667,0.01586666667,0.01586666667,0.01586666667,0.01586666667,0.01586666667,0.01586666667,0.01586666667,0.01586666667,0.01586666667,0.01586666667,0.01586666667,0.01586666667,0.01586666667,0.01586666667,0.01586666667,0.01586666667,0.01586666667,0.01586666667,0.01586666667,0.01586666667,0.01586666667,0.01586666667
"15",0.01646666667,0.01646666667,0.01646666667,0.01646666667,0.01646666667,0.01646666667,0.01646666667,0.01646666667,0.01646666667,0.01646666667,0.01646666667,0.01646666667,0.01646666667,0.01646666667,0.01646666667,0.01646666667,0.01646666667,0.01646666667,0.01646666667,0.01646666667,0.01646666667,0.01646666667,0.01646666667,0.01646666667,0.01646666667,0.01646666667,0.01646666667,0.01646666667,0.01646666667,0.01646666667,0.01646666667,0.01646666667,0.01646666667,0.01646666667,0.01646666667,0.01646666667,0.01646666667,0.01646666667,0.01646666667,0.01646666667,0.01646666667,0.01646666667,0.01646666667,0.01646666667,0.01646666667,0.01646666667,0.01646666667,0.01646666667,0.01646666667,0.01646666667,0.01646666667,0.01646666667,0.01646666667,0.01646666667,0.01646666667,0.01646666667,0.01646666667,0.01646666667,0.01646666667
"16",0.01676666667,0.01676666667,0.01676666667,0.01676666667,0.01676666667,0.01676666667,0.01676666667,0.01676666667,0.01676666667,0.01676666667,0.01676666667,0.01676666667,0.01676666667,0.01676666667,0.01676666667,0.01676666667,0.01676666667,0.01676666667,0.01676666667,0.01676666667,0.01676666667,0.01676666667,0.01676666667,0.01676666667,0.01676666667,0.01676666667,0.01676666667,0.01676666667,0.01676666667,0.01676666667,0.01676666667,0.01676666667,0.01676666667,0.01676666667,0.01676666667,0.01676666667,0.01676666667,0.01676666667,0.01676666667,0.01676666667,0.01676666667,0.01676666667,0.01676666667,0.01676666667,0.01676666667,0.01676666667,0.01676666667,0.01676666667,0.01676666667,0.01676666667,0.01676666667,0.01676666667,0.01676666667,0.01676666667,0.01676666667,0.01676666667,0.01676666667,0.01676666667,0.01676666667
"17",0.014,0.014,0.014,0.014,0.014,0.014,0.014,0.014,0.014,0.014,0.014,0.014,0.014,0.014,0.014,0.014,0.014,0.014,0.014,0.014,0.014,0.014,0.014,0.014,0.014,0.014,0.014,0.014,0.014,0.014,0.014,0.014,0.014,0.014,0.014,0.014,0.014,0.014,0.014,0.014,0.014,0.014,0.014,0.014,0.014,0.014,0.014,0.014,0.014,0.014,0.014,0.014,0.014,0.014,0.014,0.014,0.014,0.014,0.014
"18",0.01883333333,0.01883333333,0.01883333333,0.01883333333,0.01883333333,0.01883333333,0.01883333333,0.01883333333,0.01883333333,0.01883333333,0.01883333333,0.01883333333,0.01883333333,0.01883333333,0.01883333333,0.01883333333,0.01883333333,0.01883333333,0.01883333333,0.01883333333,0.01883333333,0.01883333333,0.01883333333,0.01883333333,0.01883333333,0.01883333333,0.01883333333,0.01883333333,0.01883333333,0.01883333333,0.01883333333,0.01883333333,0.01883333333,0.01883333333,0.01883333333,0.01883333333,0.01883333333,0.01883333333,0.01883333333,0.01883333333,0.01883333333,0.01883333333,0.01883333333,0.01883333333,0.01883333333,0.01883333333,0.01883333333,0.01883333333,0.01883333333,0.01883333333,0.01883333333,0.01883333333,0.01883333333,0.01883333333,0.01883333333,0.01883333333,0.01883333333,0.01883333333,0.01883333333
"19",0.01863333333,0.01863333333,0.01863333333,0.01863333333,0.01863333333,0.01863333333,0.01863333333,0.01863333333,0.01863333333,0.01863333333,0.01863333333,0.01863333333,0.01863333333,0.01863333333,0.01863333333,0.01863333333,0.01863333333,0.01863333333,0.01863333333,0.01863333333,0.01863333333,0.01863333333,0.01863333333,0.01863333333,0.01863333333,0.01863333333,0.01863333333,0.01863333333,0.01863333333,0.01863333333,0.01863333333,0.01863333333,0.01863333333,0.01863333333,0.01863333333,0.01863333333,0.01863333333,0.01863333333,0.01863333333,0.01863333333,0.01863333333,0.01863333333,0.01863333333,0.01863333333,0.01863333333,0.01863333333,0.01863333333,0.01863333333,0.01863333333,0.01863333333,0.01863333333,0.01863333333,0.01863333333,0.01863333333,0.01863333333,0.01863333333,0.01863333333,0.01863333333,0.01863333333
"20",0.01913333333,0.01913333333,0.01913333333,0.01913333333,0.01913333333,0.01913333333,0.01913333333,0.01913333333,0.01913333333,0.01913333333,0.01913333333,0.01913333333,0.01913333333,0.01913333333,0.01913333333,0.01913333333,0.01913333333,0.01913333333,0.01913333333,0.01913333333,0.01913333333,0.01913333333,0.01913333333,0.01913333333,0.01913333333,0.01913333333,0.01913333333,0.01913333333,0.01913333333,0.01913333333,0.01913333333,0.01913333333,0.01913333333,0.01913333333,0.01913333333,0.01913333333,0.01913333333,0.01913333333,0.01913333333,0.01913333333,0.01913333333,0.01913333333,0.01913333333,0.01913333333,0.01913333333,0.01913333333,0.01913333333,0.01913333333,0.01913333333,0.01913333333,0.01913333333,0.01913333333,0.01913333333,0.01913333333,0.01913333333,0.01913333333,0.01913333333,0.01913333333,0.01913333333
"21",0.01696666667,0.01696666667,0.01696666667,0.01696666667,0.01696666667,0.01696666667,0.01696666667,0.01696666667,0.01696666667,0.01696666667,0.01696666667,0.01696666667,0.01696666667,0.01696666667,0.01696666667,0.01696666667,0.01696666667,0.01696666667,0.01696666667,0.01696666667,0.01696666667,0.01696666667,0.01696666667,0.01696666667,0.01696666667,0.01696666667,0.01696666667,0.01696666667,0.01696666667,0.01696666667,0.01696666667,0.01696666667,0.01696666667,0.01696666667,0.01696666667,0.01696666667,0.01696666667,0.01696666667,0.01696666667,0.01696666667,0.01696666667,0.01696666667,0.01696666667,0.01696666667,0.01696666667,0.01696666667,0.01696666667,0.01696666667,0.01696666667,0.01696666667,0.01696666667,0.01696666667,0.01696666667,0.01696666667,0.01696666667,0.01696666667,0.01696666667,0.01696666667,0.01696666667
"22",0.01693333333,0.01693333333,0.01693333333,0.01693333333,0.01693333333,0.01693333333,0.01693333333,0.01693333333,0.01693333333,0.01693333333,0.01693333333,0.01693333333,0.01693333333,0.01693333333,0.01693333333,0.01693333333,0.01693333333,0.01693333333,0.01693333333,0.01693333333,0.01693333333,0.01693333333,0.01693333333,0.01693333333,0.01693333333,0.01693333333,0.01693333333,0.01693333333,0.01693333333,0.01693333333,0.01693333333,0.01693333333,0.01693333333,0.01693333333,0.01693333333,0.01693333333,0.01693333333,0.01693333333,0.01693333333,0.01693333333,0.01693333333,0.01693333333,0.01693333333,0.01693333333,0.01693333333,0.01693333333,0.01693333333,0.01693333333,0.01693333333,0.01693333333,0.01693333333,0.01693333333,0.01693333333,0.01693333333,0.01693333333,0.01693333333,0.01693333333,0.01693333333,0.01693333333
"23",0.0192,0.0192,0.0192,0.0192,0.0192,0.0192,0.0192,0.0192,0.0192,0.0192,0.0192,0.0192,0.0192,0.0192,0.0192,0.0192,0.0192,0.0192,0.0192,0.0192,0.0192,0.0192,0.0192,0.0192,0.0192,0.0192,0.0192,0.0192,0.0192,0.0192,0.0192,0.0192,0.0192,0.0192,0.0192,0.0192,0.0192,0.0192,0.0192,0.0192,0.0192,0.0192,0.0192,0.0192,0.0192,0.0192,0.0192,0.0192,0.0192,0.0192,0.0192,0.0192,0.0192,0.0192,0.0192,0.0192,0.0192,0.0192,0.0192
"24",0.01963333333,0.01963333333,0.01963333333,0.01963333333,0.01963333333,0.01963333333,0.01963333333,0.01963333333,0.01963333333,0.01963333333,0.01963333333,0.01963333333,0.01963333333,0.01963333333,0.01963333333,0.01963333333,0.01963333333,0.01963333333,0.01963333333,0.01963333333,0.01963333333,0.01963333333,0.01963333333,0.01963333333,0.01963333333,0.01963333333,0.01963333333,0.01963333333,0.01963333333,0.01963333333,0.01963333333,0.01963333333,0.01963333333,0.01963333333,0.01963333333,0.01963333333,0.01963333333,0.01963333333,0.01963333333,0.01963333333,0.01963333333,0.01963333333,0.01963333333,0.01963333333,0.01963333333,0.01963333333,0.01963333333,0.01963333333,0.01963333333,0.01963333333,0.01963333333,0.01963333333,0.01963333333,0.01963333333,0.01963333333,0.01963333333,0.01963333333,0.01963333333,0.01963333333
"25",0.0196,0.0196,0.0196,0.0196,0.0196,0.0196,0.0196,0.0196,0.0196,0.0196,0.0196,0.0196,0.0196,0.0196,0.0196,0.0196,0.0196,0.0196,0.0196,0.0196,0.0196,0.0196,0.0196,0.0196,0.0196,0.0196,0.0196,0.0196,0.0196,0.0196,0.0196,0.0196,0.0196,0.0196,0.0196,0.0196,0.0196,0.0196,0.0196,0.0196,0.0196,0.0196,0.0196,0.0196,0.0196,0.0196,0.0196,0.0196,0.0196,0.0196,0.0196,0.0196,0.0196,0.0196,0.0196,0.0196,0.0196,0.0196,0.0196
"26",0.02103333333,0.02103333333,0.02103333333,0.02103333333,0.02103333333,0.02103333333,0.02103333333,0.02103333333,0.02103333333,0.02103333333,0.02103333333,0.02103333333,0.02103333333,0.02103333333,0.02103333333,0.02103333333,0.02103333333,0.02103333333,0.02103333333,0.02103333333,0.02103333333,0.02103333333,0.02103333333,0.02103333333,0.02103333333,0.02103333333,0.02103333333,0.02103333333,0.02103333333,0.02103333333,0.02103333333,0.02103333333,0.02103333333,0.02103333333,0.02103333333,0.02103333333,0.02103333333,0.02103333333,0.02103333333,0.02103333333,0.02103333333,0.02103333333,0.02103333333,0.02103333333,0.02103333333,0.02103333333,0.02103333333,0.02103333333,0.02103333333,0.02103333333,0.02103333333,0.02103333333,0.02103333333,0.02103333333,0.02103333333,0.02103333333,0.02103333333,0.02103333333,0.02103333333
"27",0.01863333333,0.01863333333,0.01863333333,0.01863333333,0.01863333333,0.01863333333,0.01863333333,0.01863333333,0.01863333333,0.01863333333,0.01863333333,0.01863333333,0.01863333333,0.01863333333,0.01863333333,0.01863333333,0.01863333333,0.01863333333,0.01863333333,0.01863333333,0.01863333333,0.01863333333,0.01863333333,0.01863333333,0.01863333333,0.01863333333,0.01863333333,0.01863333333,0.01863333333,0.01863333333,0.01863333333,0.01863333333,0.01863333333,0.01863333333,0.01863333333,0.01863333333,0.01863333333,0.01863333333,0.01863333333,0.01863333333,0.01863333333,0.01863333333,0.01863333333,0.01863333333,0.01863333333,0.01863333333,0.01863333333,0.01863333333,0.01863333333,0.01863333333,0.01863333333,0.01863333333,0.01863333333,0.01863333333,0.01863333333,0.01863333333,0.01863333333,0.01863333333,0.01863333333
"28",0.01546666667,0.01546666667,0.01546666667,0.01546666667,0.01546666667,0.01546666667,0.01546666667,0.01546666667,0.01546666667,0.01546666667,0.01546666667,0.01546666667,0.01546666667,0.01546666667,0.01546666667,0.01546666667,0.01546666667,0.01546666667,0.01546666667,0.01546666667,0.01546666667,0.01546666667,0.01546666667,0.01546666667,0.01546666667,0.01546666667,0.01546666667,0.01546666667,0.01546666667,0.01546666667,0.01546666667,0.01546666667,0.01546666667,0.01546666667,0.01546666667,0.01546666667,0.01546666667,0.01546666667,0.01546666667,0.01546666667,0.01546666667,0.01546666667,0.01546666667,0.01546666667,0.01546666667,0.01546666667,0.01546666667,0.01546666667,0.01546666667,0.01546666667,0.01546666667,0.01546666667,0.01546666667,0.01546666667,0.01546666667,0.01546666667,0.01546666667,0.01546666667,0.01546666667
"29",0.01623333333,0.01623333333,0.01623333333,0.01623333333,0.01623333333,0.01623333333,0.01623333333,0.01623333333,0.01623333333,0.01623333333,0.01623333333,0.01623333333,0.01623333333,0.01623333333,0.01623333333,0.01623333333,0.01623333333,0.01623333333,0.01623333333,0.01623333333,0.01623333333,0.01623333333,0.01623333333,0.01623333333,0.01623333333,0.01623333333,0.01623333333,0.01623333333,0.01623333333,0.01623333333,0.01623333333,0.01623333333,0.01623333333,0.01623333333,0.01623333333,0.01623333333,0.01623333333,0.01623333333,0.01623333333,0.01623333333,0.01623333333,0.01623333333,0.01623333333,0.01623333333,0.01623333333,0.01623333333,0.01623333333,0.01623333333,0.01623333333,0.01623333333,0.01623333333,0.01623333333,0.01623333333,0.01623333333,0.01623333333,0.01623333333,0.01623333333,0.01623333333,0.01623333333
"30",0.0166,0.0166,0.0166,0.0166,0.0166,0.0166,0.0166,0.0166,0.0166,0.0166,0.0166,0.0166,0.0166,0.0166,0.0166,0.0166,0.0166,0.0166,0.0166,0.0166,0.0166,0.0166,0.0166,0.0166,0.0166,0.0166,0.0166,0.0166,0.0166,0.0166,0.0166,0.0166,0.0166,0.0166,0.0166,0.0166,0.0166,0.0166,0.0166,0.0166,0.0166,0.0166,0.0166,0.0166,0.0166,0.0166,0.0166,0.0166,0.0166,0.0166,0.0166,0.0166,0.0166,0.0166,0.0166,0.0166,0.0166,0.0166,0.0166
"31",0.0166,0.0166,0.0166,0.0166,0.0166,0.0166,0.0166,0.0166,0.0166,0.0166,0.0166,0.0166,0.0166,0.0166,0.0166,0.0166,0.0166,0.0166,0.0166,0.0166,0.0166,0.0166,0.0166,0.0166,0.0166,0.0166,0.0166,0.0166,0.0166,0.0166,0.0166,0.0166,0.0166,0.0166,0.0166,0.0166,0.0166,0.0166,0.0166,0.0166,0.0166,0.0166,0.0166,0.0166,0.0166,0.0166,0.0166,0.0166,0.0166,0.0166,0.0166,0.0166,0.0166,0.0166,0.0166,0.0166,0.0166,0.0166,0.0166
"32",0.0255,0.0255,0.0255,0.0255,0.0255,0.0255,0.0255,0.0255,0.0255,0.0255,0.0255,0.0255,0.0255,0.0255,0.0255,0.0255,0.0255,0.0255,0.0255,0.0255,0.0255,0.0255,0.0255,0.0255,0.0255,0.0255,0.0255,0.0255,0.0255,0.0255,0.0255,0.0255,0.0255,0.0255,0.0255,0.0255,0.0255,0.0255,0.0255,0.0255,0.0255,0.0255,0.0255,0.0255,0.0255,0.0255,0.0255,0.0255,0.0255,0.0255,0.0255,0.0255,0.0255,0.0255,0.0255,0.0255,0.0255,0.0255,0.0255
"33",0.02983333333,0.02983333333,0.02983333333,0.02983333333,0.02983333333,0.02983333333,0.02983333333,0.02983333333,0.02983333333,0.02983333333,0.02983333333,0.02983333333,0.02983333333,0.02983333333,0.02983333333,0.02983333333,0.02983333333,0.02983333333,0.02983333333,0.02983333333,0.02983333333,0.02983333333,0.02983333333,0.02983333333,0.02983333333,0.02983333333,0.02983333333,0.02983333333,0.02983333333,0.02983333333,0.02983333333,0.02983333333,0.02983333333,0.02983333333,0.02983333333,0.02983333333,0.02983333333,0.02983333333,0.02983333333,0.02983333333,0.02983333333,0.02983333333,0.02983333333,0.02983333333,0.02983333333,0.02983333333,0.02983333333,0.02983333333,0.02983333333,0.02983333333,0.02983333333,0.02983333333,0.02983333333,0.02983333333,0.02983333333,0.02983333333,0.02983333333,0.02983333333,0.02983333333
"34",0.03276666667,0.03276666667,0.03276666667,0.03276666667,0.03276666667,0.03276666667,0.03276666667,0.03276666667,0.03276666667,0.03276666667,0.03276666667,0.03276666667,0.03276666667,0.03276666667,0.03276666667,0.03276666667,0.03276666667,0.03276666667,0.03276666667,0.03276666667,0.03276666667,0.03276666667,0.03276666667,0.03276666667,0.03276666667,0.03276666667,0.03276666667,0.03276666667,0.03276666667,0.03276666667,0.03276666667,0.03276666667,0.03276666667,0.03276666667,0.03276666667,0.03276666667,0.03276666667,0.03276666667,0.03276666667,0.03276666667,0.03276666667,0.03276666667,0.03276666667,0.03276666667,0.03276666667,0.03276666667,0.03276666667,0.03276666667,0.03276666667,0.03276666667,0.03276666667,0.03276666667,0.03276666667,0.03276666667,0.03276666667,0.03276666667,0.03276666667,0.03276666667,0.03276666667
"35",0.0346,0.0346,0.0346,0.0346,0.0346,0.0346,0.0346,0.0346,0.0346,0.0346,0.0346,0.0346,0.0346,0.0346,0.0346,0.0346,0.0346,0.0346,0.0346,0.0346,0.0346,0.0346,0.0346,0.0346,0.0346,0.0346,0.0346,0.0346,0.0346,0.0346,0.0346,0.0346,0.0346,0.0346,0.0346,0.0346,0.0346,0.0346,0.0346,0.0346,0.0346,0.0346,0.0346,0.0346,0.0346,0.0346,0.0346,0.0346,0.0346,0.0346,0.0346,0.0346,0.0346,0.0346,0.0346,0.0346,0.0346,0.0346,0.0346
"36",0.0211,0.0211,0.0211,0.0211,0.0211,0.0211,0.0211,0.0211,0.0211,0.0211,0.0211,0.0211,0.0211,0.0211,0.0211,0.0211,0.0211,0.0211,0.0211,0.0211,0.0211,0.0211,0.0211,0.0211,0.0211,0.0211,0.0211,0.0211,0.0211,0.0211,0.0211,0.0211,0.0211,0.0211,0.0211,0.0211,0.0211,0.0211,0.0211,0.0211,0.0211,0.0211,0.0211,0.0211,0.0211,0.0211,0.0211,0.0211,0.0211,0.0211,0.0211,0.0211,0.0211,0.0211,0.0211,0.0211,0.0211,0.0211,0.0211
"37",0.00916666667,0.00916666667,0.00916666667,0.00916666667,0.00916666667,0.00916666667,0.00916666667,0.00916666667,0.00916666667,0.00916666667,0.00916666667,0.00916666667,0.00916666667,0.00916666667,0.00916666667,0.00916666667,0.00916666667,0.00916666667,0.00916666667,0.00916666667,0.00916666667,0.00916666667,0.00916666667,0.00916666667,0.00916666667,0.00916666667,0.00916666667,0.00916666667,0.00916666667,0.00916666667,0.00916666667,0.00916666667,0.00916666667,0.00916666667,0.00916666667,0.00916666667,0.00916666667,0.00916666667,0.00916666667,0.00916666667,0.00916666667,0.00916666667,0.00916666667,0.00916666667,0.00916666667,0.00916666667,0.00916666667,0.00916666667,0.00916666667,0.00916666667,0.00916666667,0.00916666667,0.00916666667,0.00916666667,0.00916666667,0.00916666667,0.00916666667,0.00916666667,0.00916666667
"38",0.00183333333,0.00183333333,0.00183333333,0.00183333333,0.00183333333,0.00183333333,0.00183333333,0.00183333333,0.00183333333,0.00183333333,0.00183333333,0.00183333333,0.00183333333,0.00183333333,0.00183333333,0.00183333333,0.00183333333,0.00183333333,0.00183333333,0.00183333333,0.00183333333,0.00183333333,0.00183333333,0.00183333333,0.00183333333,0.00183333333,0.00183333333,0.00183333333,0.00183333333,0.00183333333,0.00183333333,0.00183333333,0.00183333333,0.00183333333,0.00183333333,0.00183333333,0.00183333333,0.00183333333,0.00183333333,0.00183333333,0.00183333333,0.00183333333,0.00183333333,0.00183333333,0.00183333333,0.00183333333,0.00183333333,0.00183333333,0.00183333333,0.00183333333,0.00183333333,0.00183333333,0.00183333333,0.00183333333,0.00183333333,0.00183333333,0.00183333333,0.00183333333,0.00183333333
"39",-0.0033,-0.0033,-0.0033,-0.0033,-0.0033,-0.0033,-0.0033,-0.0033,-0.0033,-0.0033,-0.0033,-0.0033,-0.0033,-0.0033,-0.0033,-0.0033,-0.0033,-0.0033,-0.0033,-0.0033,-0.0033,-0.0033,-0.0033,-0.0033,-0.0033,-0.0033,-0.0033,-0.0033,-0.0033,-0.0033,-0.0033,-0.0033,-0.0033,-0.0033,-0.0033,-0.0033,-0.0033,-0.0033,-0.0033,-0.0033,-0.0033,-0.0033,-0.0033,-0.0033,-0.0033,-0.0033,-0.0033,-0.0033,-0.0033,-0.0033,-0.0033,-0.0033,-0.0033,-0.0033,-0.0033,-0.0033,-0.0033,-0.0033,-0.0033
"40",0.00386666667,0.00386666667,0.00386666667,0.00386666667,0.00386666667,0.00386666667,0.00386666667,0.00386666667,0.00386666667,0.00386666667,0.00386666667,0.00386666667,0.00386666667,0.00386666667,0.00386666667,0.00386666667,0.00386666667,0.00386666667,0.00386666667,0.00386666667,0.00386666667,0.00386666667,0.00386666667,0.00386666667,0.00386666667,0.00386666667,0.00386666667,0.00386666667,0.00386666667,0.00386666667,0.00386666667,0.00386666667,0.00386666667,0.00386666667,0.00386666667,0.00386666667,0.00386666667,0.00386666667,0.00386666667,0.00386666667,0.00386666667,0.00386666667,0.00386666667,0.00386666667,0.00386666667,0.00386666667,0.00386666667,0.00386666667,0.00386666667,0.00386666667,0.00386666667,0.00386666667,0.00386666667,0.00386666667,0.00386666667,0.00386666667,0.00386666667,0.00386666667,0.00386666667
"41",0.01,0.01,0.01,0.01,0.01,0.01,0.01,0.01,0.01,0.01,0.01,0.01,0.01,0.01,0.01,0.01,0.01,0.01,0.01,0.01,0.01,0.01,0.01,0.01,0.01,0.01,0.01,0.01,0.01,0.01,0.01,0.01,0.01,0.01,0.01,0.01,0.01,0.01,0.01,0.01,0.01,0.01,0.01,0.01,0.01,0.01,0.01,0.01,0.01,0.01,0.01,0.01,0.01,0.01,0.01,0.01,0.01,0.01,0.01
"42",0.01463333333,0.01463333333,0.01463333333,0.01463333333,0.01463333333,0.01463333333,0.01463333333,0.01463333333,0.01463333333,0.01463333333,0.01463333333,0.01463333333,0.01463333333,0.01463333333,0.01463333333,0.01463333333,0.01463333333,0.01463333333,0.01463333333,0.01463333333,0.01463333333,0.01463333333,0.01463333333,0.01463333333,0.01463333333,0.01463333333,0.01463333333,0.01463333333,0.01463333333,0.01463333333,0.01463333333,0.01463333333,0.01463333333,0.01463333333,0.01463333333,0.01463333333,0.01463333333,0.01463333333,0.01463333333,0.01463333333,0.01463333333,0.01463333333,0.01463333333,0.01463333333,0.01463333333,0.01463333333,0.01463333333,0.01463333333,0.01463333333,0.01463333333,0.01463333333,0.01463333333,0.01463333333,0.01463333333,0.01463333333,0.01463333333,0.01463333333,0.01463333333,0.01463333333
"43",0.01573333333,0.01573333333,0.01573333333,0.01573333333,0.01573333333,0.01573333333,0.01573333333,0.01573333333,0.01573333333,0.01573333333,0.01573333333,0.01573333333,0.01573333333,0.01573333333,0.01573333333,0.01573333333,0.01573333333,0.01573333333,0.01573333333,0.01573333333,0.01573333333,0.01573333333,0.01573333333,0.01573333333,0.01573333333,0.01573333333,0.01573333333,0.01573333333,0.01573333333,0.01573333333,0.01573333333,0.01573333333,0.01573333333,0.01573333333,0.01573333333,0.01573333333,0.01573333333,0.01573333333,0.01573333333,0.01573333333,0.01573333333,0.01573333333,0.01573333333,0.01573333333,0.01573333333,0.01573333333,0.01573333333,0.01573333333,0.01573333333,0.01573333333,0.01573333333,0.01573333333,0.01573333333,0.01573333333,0.01573333333,0.01573333333,0.01573333333,0.01573333333,0.01573333333
"44",0.0187,0.0187,0.0187,0.0187,0.0187,0.0187,0.0187,0.0187,0.0187,0.0187,0.0187,0.0187,0.0187,0.0187,0.0187,0.0187,0.0187,0.0187,0.0187,0.0187,0.0187,0.0187,0.0187,0.0187,0.0187,0.0187,0.0187,0.0187,0.0187,0.0187,0.0187,0.0187,0.0187,0.0187,0.0187,0.0187,0.0187,0.0187,0.0187,0.0187,0.0187,0.0187,0.0187,0.0187,0.0187,0.0187,0.0187,0.0187,0.0187,0.0187,0.0187,0.0187,0.0187,0.0187,0.0187,0.0187,0.0187,0.0187,0.0187
"45",0.02283333333,0.02283333333,0.02283333333,0.02283333333,0.02283333333,0.02283333333,0.02283333333,0.02283333333,0.02283333333,0.02283333333,0.02283333333,0.02283333333,0.02283333333,0.02283333333,0.02283333333,0.02283333333,0.02283333333,0.02283333333,0.02283333333,0.02283333333,0.02283333333,0.02283333333,0.02283333333,0.02283333333,0.02283333333,0.02283333333,0.02283333333,0.02283333333,0.02283333333,0.02283333333,0.02283333333,0.02283333333,0.02283333333,0.02283333333,0.02283333333,0.02283333333,0.02283333333,0.02283333333,0.02283333333,0.02283333333,0.02283333333,0.02283333333,0.02283333333,0.02283333333,0.02283333333,0.02283333333,0.02283333333,0.02283333333,0.02283333333,0.02283333333,0.02283333333,0.02283333333,0.02283333333,0.02283333333,0.02283333333,0.02283333333,0.02283333333,0.02283333333,0.02283333333
"46",0.0258,0.0258,0.0258,0.0258,0.0258,0.0258,0.0258,0.0258,0.0258,0.0258,0.0258,0.0258,0.0258,0.0258,0.0258,0.0258,0.0258,0.0258,0.0258,0.0258,0.0258,0.0258,0.0258,0.0258,0.0258,0.0258,0.0258,0.0258,0.0258,0.0258,0.0258,0.0258,0.0258,0.0258,0.0258,0.0258,0.0258,0.0258,0.0258,0.0258,0.0258,0.0258,0.0258,0.0258,0.0258,0.0258,0.0258,0.0258,0.0258,0.0258,0.0258,0.0258,0.0258,0.0258,0.0258,0.0258,0.0258,0.0258,0.0258
"47",0.02526666667,0.02526666667,0.02526666667,0.02526666667,0.02526666667,0.02526666667,0.02526666667,0.02526666667,0.02526666667,0.02526666667,0.02526666667,0.02526666667,0.02526666667,0.02526666667,0.02526666667,0.02526666667,0.02526666667,0.02526666667,0.02526666667,0.02526666667,0.02526666667,0.02526666667,0.02526666667,0.02526666667,0.02526666667,0.02526666667,0.02526666667,0.02526666667,0.02526666667,0.02526666667,0.02526666667,0.02526666667,0.02526666667,0.02526666667,0.02526666667,0.02526666667,0.02526666667,0.02526666667,0.02526666667,0.02526666667,0.02526666667,0.02526666667,0.02526666667,0.02526666667,0.02526666667,0.02526666667,0.02526666667,0.02526666667,0.02526666667,0.02526666667,0.02526666667,0.02526666667,0.02526666667,0.02526666667,0.02526666667,0.02526666667,0.02526666667,0.02526666667,0.02526666667
"48",0.02763333333,0.02763333333,0.02763333333,0.02763333333,0.02763333333,0.02763333333,0.02763333333,0.02763333333,0.02763333333,0.02763333333,0.02763333333,0.02763333333,0.02763333333,0.02763333333,0.02763333333,0.02763333333,0.02763333333,0.02763333333,0.02763333333,0.02763333333,0.02763333333,0.02763333333,0.02763333333,0.02763333333,0.02763333333,0.02763333333,0.02763333333,0.02763333333,0.02763333333,0.02763333333,0.02763333333,0.02763333333,0.02763333333,0.02763333333,0.02763333333,0.02763333333,0.02763333333,0.02763333333,0.02763333333,0.02763333333,0.02763333333,0.02763333333,0.02763333333,0.02763333333,0.02763333333,0.02763333333,0.02763333333,0.02763333333,0.02763333333,0.02763333333,0.02763333333,0.02763333333,0.02763333333,0.02763333333,0.02763333333,0.02763333333,0.02763333333,0.02763333333,0.02763333333
"49",0.02543333333,0.02543333333,0.02543333333,0.02543333333,0.02543333333,0.02543333333,0.02543333333,0.02543333333,0.02543333333,0.02543333333,0.02543333333,0.02543333333,0.02543333333,0.02543333333,0.02543333333,0.02543333333,0.02543333333,0.02543333333,0.02543333333,0.02543333333,0.02543333333,0.02543333333,0.02543333333,0.02543333333,0.02543333333,0.02543333333,0.02543333333,0.02543333333,0.02543333333,0.02543333333,0.02543333333,0.02543333333,0.02543333333,0.02543333333,0.02543333333,0.02543333333,0.02543333333,0.02543333333,0.02543333333,0.02543333333,0.02543333333,0.02543333333,0.02543333333,0.02543333333,0.02543333333,0.02543333333,0.02543333333,0.02543333333,0.02543333333,0.02543333333,0.02543333333,0.02543333333,0.02543333333,0.02543333333,0.02543333333,0.02543333333,0.02543333333,0.02543333333,0.02543333333
"50",0.02353333333,0.02353333333,0.02353333333,0.02353333333,0.02353333333,0.02353333333,0.02353333333,0.02353333333,0.02353333333,0.02353333333,0.02353333333,0.02353333333,0.02353333333,0.02353333333,0.02353333333,0.02353333333,0.02353333333,0.02353333333,0.02353333333,0.02353333333,0.02353333333,0.02353333333,0.02353333333,0.02353333333,0.02353333333,0.02353333333,0.02353333333,0.02353333333,0.02353333333,0.02353333333,0.02353333333,0.02353333333,0.02353333333,0.02353333333,0.02353333333,0.02353333333,0.02353333333,0.02353333333,0.02353333333,0.02353333333,0.02353333333,0.02353333333,0.02353333333,0.02353333333,0.02353333333,0.02353333333,0.02353333333,0.02353333333,0.02353333333,0.02353333333,0.02353333333,0.02353333333,0.02353333333,0.02353333333,0.02353333333,0.02353333333,0.02353333333,0.02353333333,0.02353333333
"51",0.02436666667,0.02436666667,0.02436666667,0.02436666667,0.02436666667,0.02436666667,0.02436666667,0.02436666667,0.02436666667,0.02436666667,0.02436666667,0.02436666667,0.02436666667,0.02436666667,0.02436666667,0.02436666667,0.02436666667,0.02436666667,0.02436666667,0.02436666667,0.02436666667,0.02436666667,0.02436666667,0.02436666667,0.02436666667,0.02436666667,0.02436666667,0.02436666667,0.02436666667,0.02436666667,0.02436666667,0.02436666667,0.02436666667,0.02436666667,0.02436666667,0.02436666667,0.02436666667,0.02436666667,0.02436666667,0.02436666667,0.02436666667,0.02436666667,0.02436666667,0.02436666667,0.02436666667,0.02436666667,0.02436666667,0.02436666667,0.02436666667,0.02436666667,0.02436666667,0.02436666667,0.02436666667,0.02436666667,0.02436666667,0.02436666667,0.02436666667,0.02436666667,0.02436666667
"52",0.02226666667,0.02226666667,0.02226666667,0.02226666667,0.02226666667,0.02226666667,0.02226666667,0.02226666667,0.02226666667,0.02226666667,0.02226666667,0.02226666667,0.02226666667,0.02226666667,0.02226666667,0.02226666667,0.02226666667,0.02226666667,0.02226666667,0.02226666667,0.02226666667,0.02226666667,0.02226666667,0.02226666667,0.02226666667,0.02226666667,0.02226666667,0.02226666667,0.02226666667,0.02226666667,0.02226666667,0.02226666667,0.02226666667,0.02226666667,0.02226666667,0.02226666667,0.02226666667,0.02226666667,0.02226666667,0.02226666667,0.02226666667,0.02226666667,0.02226666667,0.02226666667,0.02226666667,0.02226666667,0.02226666667,0.02226666667,0.02226666667,0.02226666667,0.02226666667,0.02226666667,0.02226666667,0.02226666667,0.02226666667,0.02226666667,0.02226666667,0.02226666667,0.02226666667
"53",0.018,0.018,0.018,0.018,0.018,0.018,0.018,0.018,0.018,0.018,0.018,0.018,0.018,0.018,0.018,0.018,0.018,0.018,0.018,0.018,0.018,0.018,0.018,0.018,0.018,0.018,0.018,0.018,0.018,0.018,0.018,0.018,0.018,0.018,0.018,0.018,0.018,0.018,0.018,0.018,0.018,0.018,0.018,0.018,0.018,0.018,0.018,0.018,0.018,0.018,0.018,0.018,0.018,0.018,0.018,0.018,0.018,0.018,0.018
"54",0.0138,0.0138,0.0138,0.0138,0.0138,0.0138,0.0138,0.0138,0.0138,0.0138,0.0138,0.0138,0.0138,0.0138,0.0138,0.0138,0.0138,0.0138,0.0138,0.0138,0.0138,0.0138,0.0138,0.0138,0.0138,0.0138,0.0138,0.0138,0.0138,0.0138,0.0138,0.0138,0.0138,0.0138,0.0138,0.0138,0.0138,0.0138,0.0138,0.0138,0.0138,0.0138,0.0138,0.0138,0.0138,0.0138,0.0138,0.0138,0.0138,0.0138,0.0138,0.0138,0.0138,0.0138,0.0138,0.0138,0.0138,0.0138,0.0138
"55",0.0131,0.0131,0.0131,0.0131,0.0131,0.0131,0.0131,0.0131,0.0131,0.0131,0.0131,0.0131,0.0131,0.0131,0.0131,0.0131,0.0131,0.0131,0.0131,0.0131,0.0131,0.0131,0.0131,0.0131,0.0131,0.0131,0.0131,0.0131,0.0131,0.0131,0.0131,0.0131,0.0131,0.0131,0.0131,0.0131,0.0131,0.0131,0.0131,0.0131,0.0131,0.0131,0.0131,0.0131,0.0131,0.0131,0.0131,0.0131,0.0131,0.0131,0.0131,0.0131,0.0131,0.0131,0.0131,0.0131,0.0131,0.0131,0.0131
"56",0.008,0.008,0.008,0.008,0.008,0.008,0.008,0.008,0.008,0.008,0.008,0.008,0.008,0.008,0.008,0.008,0.008,0.008,0.008,0.008,0.008,0.008,0.008,0.008,0.008,0.008,0.008,0.008,0.008,0.008,0.008,0.008,0.008,0.008,0.008,0.008,0.008,0.008,0.008,0.008,0.008,0.008,0.008,0.008,0.008,0.008,0.008,0.008,0.008,0.008,0.008,0.008,0.008,0.008,0.008,0.008,0.008,0.008,0.008
"57",0.00633333333,0.00633333333,0.00633333333,0.00633333333,0.00633333333,0.00633333333,0.00633333333,0.00633333333,0.00633333333,0.00633333333,0.00633333333,0.00633333333,0.00633333333,0.00633333333,0.00633333333,0.00633333333,0.00633333333,0.00633333333,0.00633333333,0.00633333333,0.00633333333,0.00633333333,0.00633333333,0.00633333333,0.00633333333,0.00633333333,0.00633333333,0.00633333333,0.00633333333,0.00633333333,0.00633333333,0.00633333333,0.00633333333,0.00633333333,0.00633333333,0.00633333333,0.00633333333,0.00633333333,0.00633333333,0.00633333333,0.00633333333,0.00633333333,0.00633333333,0.00633333333,0.00633333333,0.00633333333,0.00633333333,0.00633333333,0.00633333333,0.00633333333,0.00633333333,0.00633333333,0.00633333333,0.00633333333,0.00633333333,0.00633333333,0.00633333333,0.00633333333,0.00633333333
"58",0.00556666667,0.00556666667,0.00556666667,0.00556666667,0.00556666667,0.00556666667,0.00556666667,0.00556666667,0.00556666667,0.00556666667,0.00556666667,0.00556666667,0.00556666667,0.00556666667,0.00556666667,0.00556666667,0.00556666667,0.00556666667,0.00556666667,0.00556666667,0.00556666667,0.00556666667,0.00556666667,0.00556666667,0.00556666667,0.00556666667,0.00556666667,0.00556666667,0.00556666667,0.00556666667,0.00556666667,0.00556666667,0.00556666667,0.00556666667,0.00556666667,0.00556666667,0.00556666667,0.00556666667,0.00556666667,0.00556666667,0.00556666667,0.00556666667,0.00556666667,0.00556666667,0.00556666667,0.00556666667,0.00556666667,0.00556666667,0.00556666667,0.00556666667,0.00556666667,0.00556666667,0.00556666667,0.00556666667,0.00556666667,0.00556666667,0.00556666667,0.00556666667,0.00556666667
"59",0.0035,0.0035,0.0035,0.0035,0.0035,0.0035,0.0035,0.0035,0.0035,0.0035,0.0035,0.0035,0.0035,0.0035,0.0035,0.0035,0.0035,0.0035,0.0035,0.0035,0.0035,0.0035,0.0035,0.0035,0.0035,0.0035,0.0035,0.0035,0.0035,0.0035,0.0035,0.0035,0.0035,0.0035,0.0035,0.0035,0.0035,0.0035,0.0035,0.0035,0.0035,0.0035,0.0035,0.0035,0.0035,0.0035,0.0035,0.0035,0.0035,0.0035,0.0035,0.0035,0.0035,0.0035,0.0035,0.0035,0.0035,0.0035,0.0035
"60",0.00163333333,0.00163333333,0.00163333333,0.00163333333,0.00163333333,0.00163333333,0.00163333333,0.00163333333,0.00163333333,0.00163333333,0.00163333333,0.00163333333,0.00163333333,0.00163333333,0.00163333333,0.00163333333,0.00163333333,0.00163333333,0.00163333333,0.00163333333,0.00163333333,0.00163333333,0.00163333333,0.00163333333,0.00163333333,0.00163333333,0.00163333333,0.00163333333,0.00163333333,0.00163333333,0.00163333333,0.00163333333,0.00163333333,0.00163333333,0.00163333333,0.00163333333,0.00163333333,0.00163333333,0.00163333333,0.00163333333,0.00163333333,0.00163333333,0.00163333333,0.00163333333,0.00163333333,0.00163333333,0.00163333333,0.00163333333,0.00163333333,0.00163333333,0.00163333333,0.00163333333,0.00163333333,0.00163333333,0.00163333333,0.00163333333,0.00163333333,0.00163333333,0.00163333333
"61",-0.0032,-0.0032,-0.0032,-0.0032,-0.0032,-0.0032,-0.0032,-0.0032,-0.0032,-0.0032,-0.0032,-0.0032,-0.0032,-0.0032,-0.0032,-0.0032,-0.0032,-0.0032,-0.0032,-0.0032,-0.0032,-0.0032,-0.0032,-0.0032,-0.0032,-0.0032,-0.0032,-0.0032,-0.0032,-0.0032,-0.0032,-0.0032,-0.0032,-0.0032,-0.0032,-0.0032,-0.0032,-0.0032,-0.0032,-0.0032,-0.0032,-0.0032,-0.0032,-0.0032,-0.0032,-0.0032,-0.0032,-0.0032,-0.0032,-0.0032,-0.0032,-0.0032,-0.0032,-0.0032,-0.0032,-0.0032,-0.0032,-0.0032,-0.0032
"62",0.00436666667,0.00436666667,0.00436666667,0.00436666667,0.00436666667,0.00436666667,0.00436666667,0.00436666667,0.00436666667,0.00436666667,0.00436666667,0.00436666667,0.00436666667,0.00436666667,0.00436666667,0.00436666667,0.00436666667,0.00436666667,0.00436666667,0.00436666667,0.00436666667,0.00436666667,0.00436666667,0.00436666667,0.00436666667,0.00436666667,0.00436666667,0.00436666667,0.00436666667,0.00436666667,0.00436666667,0.00436666667,0.00436666667,0.00436666667,0.00436666667,0.00436666667,0.00436666667,0.00436666667,0.00436666667,0.00436666667,0.00436666667,0.00436666667,0.00436666667,0.00436666667,0.00436666667,0.00436666667,0.00436666667,0.00436666667,0.00436666667,0.00436666667,0.00436666667,0.00436666667,0.00436666667,0.00436666667,0.00436666667,0.00436666667,0.00436666667,0.00436666667,0.00436666667
"63",0.00393333333,0.00393333333,0.00393333333,0.00393333333,0.00393333333,0.00393333333,0.00393333333,0.00393333333,0.00393333333,0.00393333333,0.00393333333,0.00393333333,0.00393333333,0.00393333333,0.00393333333,0.00393333333,0.00393333333,0.00393333333,0.00393333333,0.00393333333,0.00393333333,0.00393333333,0.00393333333,0.00393333333,0.00393333333,0.00393333333,0.00393333333,0.00393333333,0.00393333333,0.00393333333,0.00393333333,0.00393333333,0.00393333333,0.00393333333,0.00393333333,0.00393333333,0.00393333333,0.00393333333,0.00393333333,0.00393333333,0.00393333333,0.00393333333,0.00393333333,0.00393333333,0.00393333333,0.00393333333,0.00393333333,0.00393333333,0.00393333333,0.00393333333,0.00393333333,0.00393333333,0.00393333333,0.00393333333,0.00393333333,0.00393333333,0.00393333333,0.00393333333,0.00393333333
"64",0.00256666667,0.00256666667,0.00256666667,0.00256666667,0.00256666667,0.00256666667,0.00256666667,0.00256666667,0.00256666667,0.00256666667,0.00256666667,0.00256666667,0.00256666667,0.00256666667,0.00256666667,0.00256666667,0.00256666667,0.00256666667,0.00256666667,0.00256666667,0.00256666667,0.00256666667,0.00256666667,0.00256666667,0.00256666667,0.00256666667,0.00256666667,0.00256666667,0.00256666667,0.00256666667,0.00256666667,0.00256666667,0.00256666667,0.00256666667,0.00256666667,0.00256666667,0.00256666667,0.00256666667,0.00256666667,0.00256666667,0.00256666667,0.00256666667,0.00256666667,0.00256666667,0.00256666667,0.00256666667,0.00256666667,0.00256666667,0.00256666667,0.00256666667,0.00256666667,0.00256666667,0.00256666667,0.00256666667,0.00256666667,0.00256666667,0.00256666667,0.00256666667,0.00256666667
"65",0.00053333333,0.00053333333,0.00053333333,0.00053333333,0.00053333333,0.00053333333,0.00053333333,0.00053333333,0.00053333333,0.00053333333,0.00053333333,0.00053333333,0.00053333333,0.00053333333,0.00053333333,0.00053333333,0.00053333333,0.00053333333,0.00053333333,0.00053333333,0.00053333333,0.00053333333,0.00053333333,0.00053333333,0.00053333333,0.00053333333,0.00053333333,0.00053333333,0.00053333333,0.00053333333,0.00053333333,0.00053333333,0.00053333333,0.00053333333,0.00053333333,0.00053333333,0.00053333333,0.00053333333,0.00053333333,0.00053333333,0.00053333333,0.00053333333,0.00053333333,0.00053333333,0.00053333333,0.00053333333,0.00053333333,0.00053333333,0.00053333333,0.00053333333,0.00053333333,0.00053333333,0.00053333333,0.00053333333,0.00053333333,0.00053333333,0.00053333333,0.00053333333,0.00053333333
"66",-0.0011,-0.0011,-0.0011,-0.0011,-0.0011,-0.0011,-0.0011,-0.0011,-0.0011,-0.0011,-0.0011,-0.0011,-0.0011,-0.0011,-0.0011,-0.0011,-0.0011,-0.0011,-0.0011,-0.0011,-0.0011,-0.0011,-0.0011,-0.0011,-0.0011,-0.0011,-0.0011,-0.0011,-0.0011,-0.0011,-0.0011,-0.0011,-0.0011,-0.0011,-0.0011,-0.0011,-0.0011,-0.0011,-0.0011,-0.0011,-0.0011,-0.0011,-0.0011,-0.0011,-0.0011,-0.0011,-0.0011,-0.0011,-0.0011,-0.0011,-0.0011,-0.0011,-0.0011,-0.0011,-0.0011,-0.0011,-0.0011,-0.0011,-0.0011
"67",0.00263333333,0.00263333333,0.00263333333,0.00263333333,0.00263333333,0.00263333333,0.00263333333,0.00263333333,0.00263333333,0.00263333333,0.00263333333,0.00263333333,0.00263333333,0.00263333333,0.00263333333,0.00263333333,0.00263333333,0.00263333333,0.00263333333,0.00263333333,0.00263333333,0.00263333333,0.00263333333,0.00263333333,0.00263333333,0.00263333333,0.00263333333,0.00263333333,0.00263333333,0.00263333333,0.00263333333,0.00263333333,0.00263333333,0.00263333333,0.00263333333,0.00263333333,0.00263333333,0.00263333333,0.00263333333,0.00263333333,0.00263333333,0.00263333333,0.00263333333,0.00263333333,0.00263333333,0.00263333333,0.00263333333,0.00263333333,0.00263333333,0.00263333333,0.00263333333,0.00263333333,0.00263333333,0.00263333333,0.00263333333,0.00263333333,0.00263333333,0.00263333333,0.00263333333
"68",0.00733333333,0.00733333333,0.00733333333,0.00733333333,0.00733333333,0.00733333333,0.00733333333,0.00733333333,0.00733333333,0.00733333333,0.00733333333,0.00733333333,0.00733333333,0.00733333333,0.00733333333,0.00733333333,0.00733333333,0.00733333333,0.00733333333,0.00733333333,0.00733333333,0.00733333333,0.00733333333,0.00733333333,0.00733333333,0.00733333333,0.00733333333,0.00733333333,0.00733333333,0.00733333333,0.00733333333,0.00733333333,0.00733333333,0.00733333333,0.00733333333,0.00733333333,0.00733333333,0.00733333333,0.00733333333,0.00733333333,0.00733333333,0.00733333333,0.00733333333,0.00733333333,0.00733333333,0.00733333333,0.00733333333,0.00733333333,0.00733333333,0.00733333333,0.00733333333,0.00733333333,0.00733333333,0.00733333333,0.00733333333,0.00733333333,0.00733333333,0.00733333333,0.00733333333
"69",0.0172,0.0172,0.0172,0.0172,0.0172,0.0172,0.0172,0.0172,0.0172,0.0172,0.0172,0.0172,0.0172,0.0172,0.0172,0.0172,0.0172,0.0172,0.0172,0.0172,0.0172,0.0172,0.0172,0.0172,0.0172,0.0172,0.0172,0.0172,0.0172,0.0172,0.0172,0.0172,0.0172,0.0172,0.0172,0.0172,0.0172,0.0172,0.0172,0.0172,0.0172,0.0172,0.0172,0.0172,0.0172,0.0172,0.0172,0.0172,0.0172,0.0172,0.0172,0.0172,0.0172,0.0172,0.0172,0.0172,0.0172,0.0172,0.0172
"70",0.01533333333,0.01533333333,0.01533333333,0.01533333333,0.01533333333,0.01533333333,0.01533333333,0.01533333333,0.01533333333,0.01533333333,0.01533333333,0.01533333333,0.01533333333,0.01533333333,0.01533333333,0.01533333333,0.01533333333,0.01533333333,0.01533333333,0.01533333333,0.01533333333,0.01533333333,0.01533333333,0.01533333333,0.01533333333,0.01533333333,0.01533333333,0.01533333333,0.01533333333,0.01533333333,0.01533333333,0.01533333333,0.01533333333,0.01533333333,0.01533333333,0.01533333333,0.01533333333,0.01533333333,0.01533333333,0.01533333333,0.01533333333,0.01533333333,0.01533333333,0.01533333333,0.01533333333,0.01533333333,0.01533333333,0.01533333333,0.01533333333,0.01533333333,0.01533333333,0.01533333333,0.01533333333,0.01533333333,0.01533333333,0.01533333333,0.01533333333,0.01533333333,0.01533333333
"71",0.01486666667,0.01486666667,0.01486666667,0.01486666667,0.01486666667,0.01486666667,0.01486666667,0.01486666667,0.01486666667,0.01486666667,0.01486666667,0.01486666667,0.01486666667,0.01486666667,0.01486666667,0.01486666667,0.01486666667,0.01486666667,0.01486666667,0.01486666667,0.01486666667,0.01486666667,0.01486666667,0.01486666667,0.01486666667,0.01486666667,0.01486666667,0.01486666667,0.01486666667,0.01486666667,0.01486666667,0.01486666667,0.01486666667,0.01486666667,0.01486666667,0.01486666667,0.01486666667,0.01486666667,0.01486666667,0.01486666667,0.01486666667,0.01486666667,0.01486666667,0.01486666667,0.01486666667,0.01486666667,0.01486666667,0.01486666667,0.01486666667,0.01486666667,0.01486666667,0.01486666667,0.01486666667,0.01486666667,0.01486666667,0.01486666667,0.01486666667,0.01486666667,0.01486666667
"72",0.01426666667,0.01426666667,0.01426666667,0.01426666667,0.01426666667,0.01426666667,0.01426666667,0.01426666667,0.01426666667,0.01426666667,0.01426666667,0.01426666667,0.01426666667,0.01426666667,0.01426666667,0.01426666667,0.01426666667,0.01426666667,0.01426666667,0.01426666667,0.01426666667,0.01426666667,0.01426666667,0.01426666667,0.01426666667,0.01426666667,0.01426666667,0.01426666667,0.01426666667,0.01426666667,0.01426666667,0.01426666667,0.01426666667,0.01426666667,0.01426666667,0.01426666667,0.01426666667,0.01426666667,0.01426666667,0.01426666667,0.01426666667,0.01426666667,0.01426666667,0.01426666667,0.01426666667,0.01426666667,0.01426666667,0.01426666667,0.01426666667,0.01426666667,0.01426666667,0.01426666667,0.01426666667,0.01426666667,0.01426666667,0.01426666667,0.01426666667,0.01426666667,0.01426666667
"73",0.0128,0.0128,0.0128,0.0128,0.0128,0.0128,0.0128,0.0128,0.0128,0.0128,0.0128,0.0128,0.0128,0.0128,0.0128,0.0128,0.0128,0.0128,0.0128,0.0128,0.0128,0.0128,0.0128,0.0128,0.0128,0.0128,0.0128,0.0128,0.0128,0.0128,0.0128,0.0128,0.0128,0.0128,0.0128,0.0128,0.0128,0.0128,0.0128,0.0128,0.0128,0.0128,0.0128,0.0128,0.0128,0.0128,0.0128,0.0128,0.0128,0.0128,0.0128,0.0128,0.0128,0.0128,0.0128,0.0128,0.0128,0.0128,0.0128
"74",0.0175,0.0175,0.0175,0.0175,0.0175,0.0175,0.0175,0.0175,0.0175,0.0175,0.0175,0.0175,0.0175,0.0175,0.0175,0.0175,0.0175,0.0175,0.0175,0.0175,0.0175,0.0175,0.0175,0.0175,0.0175,0.0175,0.0175,0.0175,0.0175,0.0175,0.0175,0.0175,0.0175,0.0175,0.0175,0.0175,0.0175,0.0175,0.0175,0.0175,0.0175,0.0175,0.0175,0.0175,0.0175,0.0175,0.0175,0.0175,0.0175,0.0175,0.0175,0.0175,0.0175,0.0175,0.0175,0.0175,0.0175,0.0175,0.0175
"75",0.0216,0.0216,0.0216,0.0216,0.0216,0.0216,0.0216,0.0216,0.0216,0.0216,0.0216,0.0216,0.0216,0.0216,0.0216,0.0216,0.0216,0.0216,0.0216,0.0216,0.0216,0.0216,0.0216,0.0216,0.0216,0.0216,0.0216,0.0216,0.0216,0.0216,0.0216,0.0216,0.0216,0.0216,0.0216,0.0216,0.0216,0.0216,0.0216,0.0216,0.0216,0.0216,0.0216,0.0216,0.0216,0.0216,0.0216,0.0216,0.0216,0.0216,0.0216,0.0216,0.0216,0.0216,0.0216,0.0216,0.0216,0.0216,0.0216
"76",0.01953333333,0.01953333333,0.01953333333,0.01953333333,0.01953333333,0.01953333333,0.01953333333,0.01953333333,0.01953333333,0.01953333333,0.01953333333,0.01953333333,0.01953333333,0.01953333333,0.01953333333,0.01953333333,0.01953333333,0.01953333333,0.01953333333,0.01953333333,0.01953333333,0.01953333333,0.01953333333,0.01953333333,0.01953333333,0.01953333333,0.01953333333,0.01953333333,0.01953333333,0.01953333333,0.01953333333,0.01953333333,0.01953333333,0.01953333333,0.01953333333,0.01953333333,0.01953333333,0.01953333333,0.01953333333,0.01953333333,0.01953333333,0.01953333333,0.01953333333,0.01953333333,0.01953333333,0.01953333333,0.01953333333,0.01953333333,0.01953333333,0.01953333333,0.01953333333,0.01953333333,0.01953333333,0.01953333333,0.01953333333,0.01953333333,0.01953333333,0.01953333333,0.01953333333
"77",0.01456666667,0.01456666667,0.01456666667,0.01456666667,0.01456666667,0.01456666667,0.01456666667,0.01456666667,0.01456666667,0.01456666667,0.01456666667,0.01456666667,0.01456666667,0.01456666667,0.01456666667,0.01456666667,0.01456666667,0.01456666667,0.01456666667,0.01456666667,0.01456666667,0.01456666667,0.01456666667,0.01456666667,0.01456666667,0.01456666667,0.01456666667,0.01456666667,0.01456666667,0.01456666667,0.01456666667,0.01456666667,0.01456666667,0.01456666667,0.01456666667,0.01456666667,0.01456666667,0.01456666667,0.01456666667,0.01456666667,0.01456666667,0.01456666667,0.01456666667,0.01456666667,0.01456666667,0.01456666667,0.01456666667,0.01456666667,0.01456666667,0.01456666667,0.01456666667,0.01456666667,0.01456666667,0.01456666667,0.01456666667,0.01456666667,0.01456666667,0.01456666667,0.01456666667
"78",0.01456666667,0.01456666667,0.01456666667,0.01456666667,0.01456666667,0.01456666667,0.01456666667,0.01456666667,0.01456666667,0.01456666667,0.01456666667,0.01456666667,0.01456666667,0.01456666667,0.01456666667,0.01456666667,0.01456666667,0.01456666667,0.01456666667,0.01456666667,0.01456666667,0.01456666667,0.01456666667,0.01456666667,0.01456666667,0.01456666667,0.01456666667,0.01456666667,0.01456666667,0.01456666667,0.01456666667,0.01456666667,0.01456666667,0.01456666667,0.01456666667,0.01456666667,0.01456666667,0.01456666667,0.01456666667,0.01456666667,0.01456666667,0.01456666667,0.01456666667,0.01456666667,0.01456666667,0.01456666667,0.01456666667,0.01456666667,0.01456666667,0.01456666667,0.01456666667,0.01456666667,0.01456666667,0.01456666667,0.01456666667,0.01456666667,0.01456666667,0.01456666667,0.01456666667
"79",0.00993333333,0.00993333333,0.00993333333,0.00993333333,0.00993333333,0.00993333333,0.00993333333,0.00993333333,0.00993333333,0.00993333333,0.00993333333,0.00993333333,0.00993333333,0.00993333333,0.00993333333,0.00993333333,0.00993333333,0.00993333333,0.00993333333,0.00993333333,0.00993333333,0.00993333333,0.00993333333,0.00993333333,0.00993333333,0.00993333333,0.00993333333,0.00993333333,0.00993333333,0.00993333333,0.00993333333,0.00993333333,0.00993333333,0.00993333333,0.00993333333,0.00993333333,0.00993333333,0.00993333333,0.00993333333,0.00993333333,0.00993333333,0.00993333333,0.00993333333,0.00993333333,0.00993333333,0.00993333333,0.00993333333,0.00993333333,0.00993333333,0.00993333333,0.00993333333,0.00993333333,0.00993333333,0.00993333333,0.00993333333,0.00993333333,0.00993333333,0.00993333333,0.00993333333
"80",0.01046666667,0.01046666667,0.01046666667,0.01046666667,0.01046666667,0.01046666667,0.01046666667,0.01046666667,0.01046666667,0.01046666667,0.01046666667,0.01046666667,0.01046666667,0.01046666667,0.01046666667,0.01046666667,0.01046666667,0.01046666667,0.01046666667,0.01046666667,0.01046666667,0.01046666667,0.01046666667,0.01046666667,0.01046666667,0.01046666667,0.01046666667,0.01046666667,0.01046666667,0.01046666667,0.01046666667,0.01046666667,0.01046666667,0.01046666667,0.01046666667,0.01046666667,0.01046666667,0.01046666667,0.01046666667,0.01046666667,0.01046666667,0.01046666667,0.01046666667,0.01046666667,0.01046666667,0.01046666667,0.01046666667,0.01046666667,0.01046666667,0.01046666667,0.01046666667,0.01046666667,0.01046666667,0.01046666667,0.01046666667,0.01046666667,0.01046666667,0.01046666667,0.01046666667
"81",0.01146666667,0.01146666667,0.01146666667,0.01146666667,0.01146666667,0.01146666667,0.01146666667,0.01146666667,0.01146666667,0.01146666667,0.01146666667,0.01146666667,0.01146666667,0.01146666667,0.01146666667,0.01146666667,0.01146666667,0.01146666667,0.01146666667,0.01146666667,0.01146666667,0.01146666667,0.01146666667,0.01146666667,0.01146666667,0.01146666667,0.01146666667,0.01146666667,0.01146666667,0.01146666667,0.01146666667,0.01146666667,0.01146666667,0.01146666667,0.01146666667,0.01146666667,0.01146666667,0.01146666667,0.01146666667,0.01146666667,0.01146666667,0.01146666667,0.01146666667,0.01146666667,0.01146666667,0.01146666667,0.01146666667,0.01146666667,0.01146666667,0.01146666667,0.01146666667,0.01146666667,0.01146666667,0.01146666667,0.01146666667,0.01146666667,0.01146666667,0.01146666667,0.01146666667
"82",0.00233333333,0.00233333333,0.00233333333,0.00233333333,0.00233333333,0.00233333333,0.00233333333,0.00233333333,0.00233333333,0.00233333333,0.00233333333,0.00233333333,0.00233333333,0.00233333333,0.00233333333,0.00233333333,0.00233333333,0.00233333333,0.00233333333,0.00233333333,0.00233333333,0.00233333333,0.00233333333,0.00233333333,0.00233333333,0.00233333333,0.00233333333,0.00233333333,0.00233333333,0.00233333333,0.00233333333,0.00233333333,0.00233333333,0.00233333333,0.00233333333,0.00233333333,0.00233333333,0.00233333333,0.00233333333,0.00233333333,0.00233333333,0.00233333333,0.00233333333,0.00233333333,0.00233333333,0.00233333333,0.00233333333,0.00233333333,0.00233333333,0.00233333333,0.00233333333,0.00233333333,0.00233333333,0.00233333333,0.00233333333,0.00233333333,0.00233333333,0.00233333333,0.00233333333
"83",-0.00033333333,-0.00033333333,-0.00033333333,-0.00033333333,-0.00033333333,-0.00033333333,-0.00033333333,-0.00033333333,-0.00033333333,-0.00033333333,-0.00033333333,-0.00033333333,-0.00033333333,-0.00033333333,-0.00033333333,-0.00033333333,-0.00033333333,-0.00033333333,-0.00033333333,-0.00033333333,-0.00033333333,-0.00033333333,-0.00033333333,-0.00033333333,-0.00033333333,-0.00033333333,-0.00033333333,-0.00033333333,-0.00033333333,-0.00033333333,-0.00033333333,-0.00033333333,-0.00033333333,-0.00033333333,-0.00033333333,-0.00033333333,-0.00033333333,-0.00033333333,-0.00033333333,-0.00033333333,-0.00033333333,-0.00033333333,-0.00033333333,-0.00033333333,-0.00033333333,-0.00033333333,-0.00033333333,-0.00033333333,-0.00033333333,-0.00033333333,-0.00033333333,-0.00033333333,-0.00033333333,-0.00033333333,-0.00033333333,-0.00033333333,-0.00033333333,-0.00033333333,-0.00033333333
"84",-0.0029,-0.0029,-0.0029,-0.0029,-0.0029,-0.0029,-0.0029,-0.0029,-0.0029,-0.0029,-0.0029,-0.0029,-0.0029,-0.0029,-0.0029,-0.0029,-0.0029,-0.0029,-0.0029,-0.0029,-0.0029,-0.0029,-0.0029,-0.0029,-0.0029,-0.0029,-0.0029,-0.0029,-0.0029,-0.0029,-0.0029,-0.0029,-0.0029,-0.0029,-0.0029,-0.0029,-0.0029,-0.0029,-0.0029,-0.0029,-0.0029,-0.0029,-0.0029,-0.0029,-0.0029,-0.0029,-0.0029,-0.0029,-0.0029,-0.0029,-0.0029,-0.0029,-0.0029,-0.0029,-0.0029,-0.0029,-0.0029,-0.0029,-0.0029
"85",0.0111,0.0111,0.0111,0.0111,0.0111,0.0111,0.0111,0.0111,0.0111,0.0111,0.0111,0.0111,0.0111,0.0111,0.0111,0.0111,0.0111,0.0111,0.0111,0.0111,0.0111,0.0111,0.0111,0.0111,0.0111,0.0111,0.0111,0.0111,0.0111,0.0111,0.0111,0.0111,0.0111,0.0111,0.0111,0.0111,0.0111,0.0111,0.0111,0.0111,0.0111,0.0111,0.0111,0.0111,0.0111,0.0111,0.0111,0.0111,0.0111,0.0111,0.0111,0.0111,0.0111,0.0111,0.0111,0.0111,0.0111,0.0111,0.0111
"86",0.01936666667,0.01936666667,0.01936666667,0.01936666667,0.01936666667,0.01936666667,0.01936666667,0.01936666667,0.01936666667,0.01936666667,0.01936666667,0.01936666667,0.01936666667,0.01936666667,0.01936666667,0.01936666667,0.01936666667,0.01936666667,0.01936666667,0.01936666667,0.01936666667,0.01936666667,0.01936666667,0.01936666667,0.01936666667,0.01936666667,0.01936666667,0.01936666667,0.01936666667,0.01936666667,0.01936666667,0.01936666667,0.01936666667,0.01936666667,0.01936666667,0.01936666667,0.01936666667,0.01936666667,0.01936666667,0.01936666667,0.01936666667,0.01936666667,0.01936666667,0.01936666667,0.01936666667,0.01936666667,0.01936666667,0.01936666667,0.01936666667,0.01936666667,0.01936666667,0.01936666667,0.01936666667,0.01936666667,0.01936666667,0.01936666667,0.01936666667,0.01936666667,0.01936666667
"87",0.0297,0.0297,0.0297,0.0297,0.0297,0.0297,0.0297,0.0297,0.0297,0.0297,0.0297,0.0297,0.0297,0.0297,0.0297,0.0297,0.0297,0.0297,0.0297,0.0297,0.0297,0.0297,0.0297,0.0297,0.0297,0.0297,0.0297,0.0297,0.0297,0.0297,0.0297,0.0297,0.0297,0.0297,0.0297,0.0297,0.0297,0.0297,0.0297,0.0297,0.0297,0.0297,0.0297,0.0297,0.0297,0.0297,0.0297,0.0297,0.0297,0.0297,0.0297,0.0297,0.0297,0.0297,0.0297,0.0297,0.0297,0.0297,0.0297
"88",0.0486,0.0486,0.0486,0.0486,0.0486,0.0486,0.0486,0.0486,0.0486,0.0486,0.0486,0.0486,0.0486,0.0486,0.0486,0.0486,0.0486,0.0486,0.0486,0.0486,0.0486,0.0486,0.0486,0.0486,0.0486,0.0486,0.0486,0.0486,0.0486,0.0486,0.0486,0.0486,0.0486,0.0486,0.0486,0.0486,0.0486,0.0486,0.0486,0.0486,0.0486,0.0486,0.0486,0.0486,0.0486,0.0486,0.0486,0.0486,0.0486,0.0486,0.0486,0.0486,0.0486,0.0486,0.0486,0.0486,0.0486,0.0486,0.0486
"89",0.06503333333,0.06503333333,0.06503333333,0.06503333333,0.06503333333,0.06503333333,0.06503333333,0.06503333333,0.06503333333,0.06503333333,0.06503333333,0.06503333333,0.06503333333,0.06503333333,0.06503333333,0.06503333333,0.06503333333,0.06503333333,0.06503333333,0.06503333333,0.06503333333,0.06503333333,0.06503333333,0.06503333333,0.06503333333,0.06503333333,0.06503333333,0.06503333333,0.06503333333,0.06503333333,0.06503333333,0.06503333333,0.06503333333,0.06503333333,0.06503333333,0.06503333333,0.06503333333,0.06503333333,0.06503333333,0.06503333333,0.06503333333,0.06503333333,0.06503333333,0.06503333333,0.06503333333,0.06503333333,0.06503333333,0.06503333333,0.06503333333,0.06503333333,0.06503333333,0.06503333333,0.06503333333,0.06503333333,0.06503333333,0.06503333333,0.06503333333,0.06503333333,0.06503333333
"90",0.08643333333,0.08643333333,0.08643333333,0.08643333333,0.08643333333,0.08643333333,0.08643333333,0.08643333333,0.08643333333,0.08643333333,0.08643333333,0.08643333333,0.08643333333,0.08643333333,0.08643333333,0.08643333333,0.08643333333,0.08643333333,0.08643333333,0.08643333333,0.08643333333,0.08643333333,0.08643333333,0.08643333333,0.08643333333,0.08643333333,0.08643333333,0.08643333333,0.08643333333,0.08643333333,0.08643333333,0.08643333333,0.08643333333,0.08643333333,0.08643333333,0.08643333333,0.08643333333,0.08643333333,0.08643333333,0.08643333333,0.08643333333,0.08643333333,0.08643333333,0.08643333333,0.08643333333,0.08643333333,0.08643333333,0.08643333333,0.08643333333,0.08643333333,0.08643333333,0.08643333333,0.08643333333,0.08643333333,0.08643333333,0.08643333333,0.08643333333,0.08643333333,0.08643333333
"91",0.1006,0.1006,0.1006,0.1006,0.1006,0.1006,0.1006,0.1006,0.1006,0.1006,0.1006,0.1006,0.1006,0.1006,0.1006,0.1006,0.1006,0.1006,0.1006,0.1006,0.1006,0.1006,0.1006,0.1006,0.1006,0.1006,0.1006,0.1006,0.1006,0.1006,0.1006,0.1006,0.1006,0.1006,0.1006,0.1006,0.1006,0.1006,0.1006,0.1006,0.1006,0.1006,0.1006,0.1006,0.1006,0.1006,0.1006,0.1006,0.1006,0.1006,0.1006,0.1006,0.1006,0.1006,0.1006,0.1006,0.1006,0.1006,0.1006
"92",0.1094,0.1094,0.1094,0.1094,0.1094,0.1094,0.1094,0.1094,0.1094,0.1094,0.1094,0.1094,0.1094,0.1094,0.1094,0.1094,0.1094,0.1094,0.1094,0.1094,0.1094,0.1094,0.1094,0.1094,0.1094,0.1094,0.1094,0.1094,0.1094,0.1094,0.1094,0.1094,0.1094,0.1094,0.1094,0.1094,0.1094,0.1094,0.1094,0.1094,0.1094,0.1094,0.1094,0.1094,0.1094,0.1094,0.1094,0.1094,0.1094,0.1094,0.1094,0.1094,0.1094,0.1094,0.1094,0.1094,0.1094,0.1094,0.1094
"93",0.08983333333,0.08983333333,0.08983333333,0.08983333333,0.08983333333,0.08983333333,0.08983333333,0.08983333333,0.08983333333,0.08983333333,0.08983333333,0.08983333333,0.08983333333,0.08983333333,0.08983333333,0.08983333333,0.08983333333,0.08983333333,0.08983333333,0.08983333333,0.08983333333,0.08983333333,0.08983333333,0.08983333333,0.08983333333,0.08983333333,0.08983333333,0.08983333333,0.08983333333,0.08983333333,0.08983333333,0.08983333333,0.08983333333,0.08983333333,0.08983333333,0.08983333333,0.08983333333,0.08983333333,0.08983333333,0.08983333333,0.08983333333,0.08983333333,0.08983333333,0.08983333333,0.08983333333,0.08983333333,0.08983333333,0.08983333333,0.08983333333,0.08983333333,0.08983333333,0.08983333333,0.08983333333,0.08983333333,0.08983333333,0.08983333333,0.08983333333,0.08983333333,0.08983333333
"94",0.0717,0.0717,0.0717,0.0717,0.0717,0.0717,0.0717,0.0717,0.0717,0.0717,0.0717,0.0717,0.0717,0.0717,0.0717,0.0717,0.0717,0.0717,0.0717,0.0717,0.0717,0.0717,0.0717,0.0717,0.0717,0.0717,0.0717,0.0717,0.0717,0.0717,0.0717,0.0717,0.0717,0.0717,0.0717,0.0717,0.0717,0.0717,0.0717,0.0717,0.0717,0.0717,0.0717,0.0717,0.0717,0.0717,0.0717,0.0717,0.0717,0.0717,0.0717,0.0717,0.0717,0.0717,0.0717,0.0717,0.0717,0.0717,0.0717
"95",0.05823333333,0.05823333333,0.05823333333,0.05823333333,0.05823333333,0.05823333333,0.05823333333,0.05823333333,0.05823333333,0.05823333333,0.05823333333,0.05823333333,0.05823333333,0.05823333333,0.05823333333,0.05823333333,0.05823333333,0.05823333333,0.05823333333,0.05823333333,0.05823333333,0.05823333333,0.05823333333,0.05823333333,0.05823333333,0.05823333333,0.05823333333,0.05823333333,0.05823333333,0.05823333333,0.05823333333,0.05823333333,0.05823333333,0.05823333333,0.05823333333,0.05823333333,0.05823333333,0.05823333333,0.05823333333,0.05823333333,0.05823333333,0.05823333333,0.05823333333,0.05823333333,0.05823333333,0.05823333333,0.05823333333,0.05823333333,0.05823333333,0.05823333333,0.05823333333,0.05823333333,0.05823333333,0.05823333333,0.05823333333,0.05823333333,0.05823333333,0.05823333333,0.05823333333
"96",0.03283333333,0.03283333333,0.03283333333,0.03283333333,0.03283333333,0.03283333333,0.03283333333,0.03283333333,0.03283333333,0.03283333333,0.03283333333,0.03283333333,0.03283333333,0.03283333333,0.03283333333,0.03283333333,0.03283333333,0.03283333333,0.03283333333,0.03283333333,0.03283333333,0.03283333333,0.03283333333,0.03283333333,0.03283333333,0.03283333333,0.03283333333,0.03283333333,0.03283333333,0.03283333333,0.03283333333,0.03283333333,0.03283333333,0.03283333333,0.03283333333,0.03283333333,0.03283333333,0.03283333333,0.03283333333,0.03283333333,0.03283333333,0.03283333333,0.03283333333,0.03283333333,0.03283333333,0.03283333333,0.03283333333,0.03283333333,0.03283333333,0.03283333333,0.03283333333,0.03283333333,0.03283333333,0.03283333333,0.03283333333,0.03283333333,0.03283333333,0.03283333333,0.03283333333
"97",0.03123333333,0.03123333333,0.03123333333,0.03123333333,0.03123333333,0.03123333333,0.03123333333,0.03123333333,0.03123333333,0.03123333333,0.03123333333,0.03123333333,0.03123333333,0.03123333333,0.03123333333,0.03123333333,0.03123333333,0.03123333333,0.03123333333,0.03123333333,0.03123333333,0.03123333333,0.03123333333,0.03123333333,0.03123333333,0.03123333333,0.03123333333,0.03123333333,0.03123333333,0.03123333333,0.03123333333,0.03123333333,0.03123333333,0.03123333333,0.03123333333,0.03123333333,0.03123333333,0.03123333333,0.03123333333,0.03123333333,0.03123333333,0.03123333333,0.03123333333,0.03123333333,0.03123333333,0.03123333333,0.03123333333,0.03123333333,0.03123333333,0.03123333333,0.03123333333,0.03123333333,0.03123333333,0.03123333333,0.03123333333,0.03123333333,0.03123333333,0.03123333333,0.03123333333
"98",0.03046666667,0.03046666667,0.03046666667,0.03046666667,0.03046666667,0.03046666667,0.03046666667,0.03046666667,0.03046666667,0.03046666667,0.03046666667,0.03046666667,0.03046666667,0.03046666667,0.03046666667,0.03046666667,0.03046666667,0.03046666667,0.03046666667,0.03046666667,0.03046666667,0.03046666667,0.03046666667,0.03046666667,0.03046666667,0.03046666667,0.03046666667,0.03046666667,0.03046666667,0.03046666667,0.03046666667,0.03046666667,0.03046666667,0.03046666667,0.03046666667,0.03046666667,0.03046666667,0.03046666667,0.03046666667,0.03046666667,0.03046666667,0.03046666667,0.03046666667,0.03046666667,0.03046666667,0.03046666667,0.03046666667,0.03046666667,0.03046666667,0.03046666667,0.03046666667,0.03046666667,0.03046666667,0.03046666667,0.03046666667,0.03046666667,0.03046666667,0.03046666667,0.03046666667
