"","1","2","3","4","5","6","7","8","10","14","15","16","20","22","23","24","26","29","30","31","32","33","36","37","38","39","42","47","48","49","52","54","56","59","61","63","68","70","82","85","88","89","90","91","92","93","94","95","96","97","98","99","101","102","103","107","108","110","112"
"1",0.012,0.012,0.008,0.013,0.011,0.011,0.008,0.01269,0.011,0.013,0.012885,0.016,0.009,0.01205,0.014,0.014,0.014,0.011,0.010949,0.017,0.012,0.016,0.012,0.018,0.012,0.013,0.01168,0.01,0.01302,0.00999400000000001,0.01,0.008,0.009,0.014,0.015,0.014,0.005,0.01,0.0117571446832,0.005,0.014,0.012,0.007,0.014,0.0133,0.015,0.014,0.008,0.012788,0.0106732577824,0.011403,0.013264,0.01035,0.0127964213696,0.0149,0.0127673126569,0.0125274598122,0.0122310458488,0.00895000000000001
"2",0.014,0.012,0.011,0.017,0.014,0.016472,0.014,0.01702,0.01423720372,0.013,0.0157725,0.019,0.018,0.01453,0.018,0.018,0.013,0.016,0.015529,0.021,0.014,0.018,0.014,0.02,0.02,0.017,0.016,0.013,0.012,0.01204,0.015017,0.015,0.014,0.017,0.016,0.01543,0.01435,0.016,0.01422,0.01,0.015,0.015,0.012,0.01352,0.0169,0.01633,0.015,0.01,0.015213,0.0127517740237,0.015286,0.015294,0.016027256705,0.012718,0.01678,0.0158830604976,0.0184116164312,0.01468623186,0.01655
"3",0.015,0.01471,0.012,0.0149,0.014,0.017098,0.013,0.01684,0.015,0.013,0.0157725,0.015,0.016,0.01476,0.019,0.0148075139447,0.017,0.013,0.015589,0.015,0.015,0.015,0.014,0.019,0.018,0.016,0.018,0.012,0.013,0.012076,0.017,0.016,0.017,0.014,0.01478,0.01463,0.014545,0.017,0.01329,0.01,0.017,0.0155500316436,0.014,0.012,0.0152769966615,0.01637,0.019,0.011,0.014836,0.0128855389199,0.014387,0.014813,0.01609451341,0.01247,0.01673,0.0166200865864,0.0165675063956,0.0148259878628,0.01632
"4",0.018,0.016,0.013,0.017,0.015,0.016294,0.014,0.01735,0.014640766272,0.015,0.0164325,0.014,0.01591,0.01403,0.017,0.016,0.015,0.01549,0.018,0.016,0.017,0.018,0.015,0.019,0.018,0.016,0.015,0.012,0.01346,0.013,0.017,0.016,0.01486362673,0.017,0.016,0.01506,0.01511,0.019,0.01387,0.008,0.012,0.015,0.012,0.011,0.0177,0.01631,0.013,0.014,0.014894,0.0132159135444,0.01483,0.015437,0.01646451341,0.012746,0.01671,0.0163540391162,0.0169832465548,0.0149783931692,0.01675
"5",0.019,0.01917,0.018,0.018,0.016,0.017708,0.018,0.01866,0.016,0.011,0.019,0.013,0.01717,0.01445,0.016,0.018,0.016,0.016,0.018,0.01623,0.016,0.022,0.02,0.018,0.019,0.016,0.014,0.016,0.017,0.016,0.015287,0.017,0.016233078371,0.013849,0.017,0.01452,0.017795,0.018,0.01415,0.013,0.01541,0.018,0.014,0.011,0.0192,0.01773,0.015,0.016,0.01773,0.015076,0.015382,0.016671,0.017517256705,0.014562,0.01675,0.0171769310829,0.0175156717533,0.0161232858588,0.01733
"6",0.019,0.02,0.02,0.015,0.016,0.018278,0.021,0.01839,0.016,0.016,0.021,0.009,0.018,0.012,0.016,0.017,0.015,0.01621,0.017106,0.019,0.018,0.02,0.02,0.018,0.019,0.018,0.015,0.017631,0.014,0.014692,0.015794,0.01672,0.018,0.012,0.014,0.01411,0.017745,0.019,0.014,0.016,0.01544,0.017,0.016,0.015884,0.0144,0.01797,0.017,0.015,0.017,0.0148350247747,0.015088,0.016456,0.017757256705,0.013774,0.0165,0.0172882889033,0.0181079893547,0.0164781494462,0.01761
"7",0.02,0.02124,0.019,0.018,0.017,0.020256,0.02,0.01905,0.019,0.017,0.02,0.01725,0.018,0.01,0.0169,0.0174731097044,0.019,0.01588,0.016,0.015,0.018,0.021,0.022,0.022,0.01888,0.021,0.01695,0.018885,0.011,0.01512,0.01743,0.016,0.015,0.016,0.01685,0.01608,0.01843,0.021,0.0157,0.018,0.01721,0.018,0.015,0.015,0.017266,0.02,0.015,0.019,0.021,0.0162333498498,0.015663,0.0179,0.01845,0.014302,0.01676,0.0179364070084,0.0194152772907,0.0183958623499,0.01984
"8",0.019,0.025,0.01952,0.015,0.019,0.025,0.018,0.01898,0.024,0.0181,0.02,0.017,0.018,0.008,0.018,0.018,0.016,0.013,0.018,0.018,0.019,0.024,0.022,0.02,0.02,0.017,0.017,0.019115,0.016,0.0153,0.017,0.016,0.016,0.014,0.014,0.01569,0.01875,0.021,0.0156446430854,0.019,0.01728,0.018,0.017,0.013,0.014,0.02,0.019,0.019,0.02,0.0166876749249,0.015441,0.01741,0.01856150447,0.015522,0.01694,0.0168126139359,0.0186847377513,0.018184477379,0.02086
"9",0.017,0.023,0.019,0.017,0.015,0.018876,0.017,0.01822,0.016,0.015,0.02,0.015,0.019,0.015,0.018,0.015,0.018,0.014,0.019,0.016,0.019,0.023,0.021,0.018,0.019,0.013,0.016,0.01813,0.017,0.008,0.01665,0.017,0.012,0.012,0.015,0.01497,0.02,0.02,0.018,0.018,0.01602,0.019,0.02,0.011,0.0155,0.018,0.009,0.017,0.018,0.0151193498498,0.014907,0.016766,0.017447256705,0.014662,0.0168,0.017330449149,0.0187095475376,0.0175741191959,0.01764
"10",0.018,0.023,0.02,0.017,0.017,0.019496,0.016,0.01898,0.016,0.012,0.018,0.01652,0.01778,0.016,0.021,0.015,0.022,0.016,0.019,0.02,0.02,0.02,0.021,0.015,0.02,0.016,0.016,0.017,0.021,0.012,0.017,0.017,0.013,0.015,0.015,0.01581,0.018855,0.018,0.01571,0.018,0.01612,0.017,0.018,0.022,0.019,0.016,0.02,0.018181084275,0.02,0.0156096749249,0.016408,0.01761,0.01805150447,0.013738,0.01747,0.0183913062982,0.0197042866481,0.0173837921796,0.01999
"11",0.023,0.02031,0.019,0.01759,0.019,0.019332,0.016,0.01899,0.017857809817,0.014,0.02,0.01765,0.0178,0.015,0.017,0.015,0.013,0.018,0.01774,0.013,0.017,0.02,0.02,0.017,0.018587,0.022,0.017,0.018,0.01711,0.016,0.01678,0.015,0.012,0.013,0.017,0.01539,0.019,0.017,0.01569,0.019,0.01712,0.021,0.019,0.024,0.018,0.022,0.028,0.022,0.021,0.0161733498498,0.01682,0.01749,0.01818,0.01528,0.01671,0.0176426001182,0.0191921765507,0.017975938178,0.0194
"12",0.022,0.02,0.016,0.014,0.016,0.018294,0.01496,0.01797,0.019,0.0153,0.019,0.01461,0.01624,0.013,0.01658,0.014,0.013,0.015,0.017016,0.015,0.015,0.02,0.02,0.019,0.017363,0.015,0.013,0.015,0.016,0.015544,0.015197,0.016,0.01557562673,0.012646,0.011,0.01,0.016,0.01659,0.01426,0.017,0.01625,0.018,0.027,0.019,0.018,0.017,0.02,0.013,0.021,0.0147906996996,0.015827,0.01603,0.017318761175,0.0137593110336,0.017211011992,0.0170434887616,0.015988050231,0.0157134399096,0.01724
"13",0.019,0.02,0.017,0.017,0.01733,0.019112,0.015,0.01857,0.017164270589,0.015,0.0175,0.019,0.012,0.016,0.0159,0.0158937118941,0.015,0.017,0.01709,0.017,0.016,0.017,0.019,0.02,0.017718,0.023,0.017,0.019,0.017,0.015312,0.014,0.018,0.017,0.008,0.013,0.015,0.01634,0.0163,0.0141046430854,0.022,0.01727,0.017,0.024,0.019,0.021,0.018,0.023,0.015,0.019,0.0160090247747,0.01637,0.017042,0.019297256705,0.014936,0.017501011992,0.0180453861998,0.0168201478182,0.01657255073,0.01817
"14",0.016,0.02,0.018,0.015,0.017,0.019676,0.019,0.01875,0.018163145496,0.017,0.017,0.018,0.01745,0.016,0.01732,0.021,0.02,0.015,0.01737,0.015,0.016,0.018,0.019,0.02,0.018852,0.022,0.017,0.022,0.018,0.014,0.0158,0.019,0.02,0.014856,0.01818,0.016,0.0177,0.016,0.01527,0.017,0.01774,0.019,0.023,0.01973,0.02,0.019,0.022,0.019,0.024,0.0160716749249,0.017539,0.0179,0.02007,0.015208,0.017340505996,0.0185198424997,0.0186804127096,0.0179476883882,0.01999
"15",0.01795,0.02,0.01872,0.017,0.017,0.020308,0.01597,0.01871,0.018,0.015,0.016,0.01717,0.01766,0.018,0.01635,0.018,0.015,0.015,0.017,0.015,0.019,0.02,0.018,0.02,0.018319,0.017,0.016,0.017,0.019,0.014302,0.015,0.02,0.019,0.013,0.016,0.01566,0.018165,0.01641,0.01488,0.024,0.01603,0.021,0.02,0.018,0.019,0.019,0.017,0.018,0.024,0.0159996749249,0.017198,0.01766,0.01888150447,0.015474,0.01721,0.0183091151275,0.0191243675152,0.0176443712955,0.019
"16",0.016,0.02,0.02,0.017,0.018075,0.021452,0.018,0.01951,0.019,0.015,0.017,0.016,0.018,0.017,0.01749,0.013,0.017,0.015,0.01762,0.02,0.019,0.02,0.018,0.018,0.01967,0.0205,0.017,0.021,0.01865,0.013,0.016,0.017,0.016,0.017,0.02,0.0165,0.01865,0.018,0.01594,0.023,0.0172,0.018,0.021,0.023,0.021,0.018,0.018,0.018,0.021,0.01684,0.017929,0.01848,0.020035752235,0.01596,0.017750505996,0.0186144199575,0.0197867297797,0.0186850784287,0.02028
"17",0.018,0.01933,0.017,0.017,0.018,0.019758,0.017,0.01875,0.0165713259,0.015,0.017,0.017,0.015,0.015,0.014,0.013,0.017,0.01578,0.017819,0.018,0.019,0.02,0.019,0.018,0.019041,0.019,0.017,0.017,0.01819,0.01415,0.012,0.014,0.018,0.015,0.02,0.015,0.01833,0.018,0.01465,0.023,0.01651,0.022,0.021,0.025,0.021,0.017,0.018,0.017,0.022,0.0162656749249,0.017556,0.01807,0.01907300894,0.01493,0.017320505996,0.0183625805484,0.0187562421047,0.0180787681014,0.0186
"18",0.01581,0.01746,0.018,0.013,0.017,0.01684,0.01,0.0168,0.015043871774,0.013,0.0164525,0.018,0.013,0.014,0.01,0.01,0.013,0.015,0.01523,0.017,0.018,0.02,0.01919,0.019,0.016476,0.016458,0.0159,0.014,0.017,0.0139,0.013,0.012,0.012,0.014,0.01422,0.01491,0.01457,0.01449,0.015,0.016,0.015423,0.017,0.016,0.018,0.016,0.021,0.02,0.016,0.021,0.0142086996996,0.014675,0.015353,0.01638150447,0.013978,0.01723,0.0166401667424,0.0176789018767,0.0147483914336,0.01447
"19",0.01649,0.018,0.01586,0.015,0.01592,0.017618,0.01341,0.01717,0.0157856433,0.011,0.014,0.015,0.017,0.01436,0.017,0.01,0.015,0.014,0.016438,0.01583,0.017,0.018,0.022,0.018,0.016925,0.016,0.017,0.015,0.01497,0.01339,0.015,0.012,0.015,0.011,0.01399,0.013,0.015525,0.0145,0.011,0.019,0.015973,0.017,0.014,0.019,0.018,0.019,0.0177428,0.016,0.019,0.0137877244743,0.015374,0.01522,0.01625150447,0.013414,0.01673,0.0166459999549,0.0175988689021,0.0150398937956,0.01518
"20",0.015,0.01832,0.018,0.016,0.018,0.018534,0.014,0.01792,0.0159467053,0.015,0.015,0.016,0.018,0.018,0.015,0.013,0.019,0.015,0.016549,0.015,0.018,0.018,0.022,0.02,0.016,0.012,0.018,0.021,0.021,0.016,0.015,0.019,0.018,0.012,0.014,0.01467,0.016335,0.01593,0.011,0.017,0.016,0.015,0.015,0.019,0.016,0.019,0.02,0.016,0.02,0.01531,0.014721,0.015776,0.018075752235,0.01418,0.01708,0.0176757921578,0.0179811522208,0.0159788922816,0.01788
"21",0.015,0.016,0.01702,0.018,0.0172225,0.018422,0.016,0.01804,0.016761247513,0.015,0.015,0.019,0.016,0.017,0.018,0.017,0.015,0.013,0.018,0.016,0.018,0.01946,0.020065,0.01808,0.015,0.019,0.018,0.019,0.01673,0.017,0.01502,0.016,0.017,0.013,0.02,0.015,0.01695,0.016,0.013,0.018,0.017,0.017,0.02,0.02,0.015,0.019,0.021,0.016,0.018,0.018,0.014958,0.016174,0.017715752235,0.014224,0.0172,0.017906086796,0.0178731108806,0.0160681311652,0.01797
"22",0.018,0.02,0.02,0.018,0.0174625,0.018842,0.015,0.018,0.0168009252,0.014,0.017,0.018,0.019,0.017,0.018,0.015,0.016,0.015,0.017249,0.014,0.018,0.019,0.019,0.015,0.017,0.018,0.017,0.016,0.017,0.01435,0.013,0.019,0.015,0.014,0.02,0.017,0.017575,0.016,0.013,0.018,0.018,0.016,0.017,0.02,0.019,0.017,0.018,0.017,0.02,0.014,0.015609,0.016485,0.01848150447,0.014516,0.0171,0.018192321584,0.0178188768645,0.0169768358448,0.0187
"23",0.01838,0.01978,0.0198,0.021,0.0184975,0.019404,0.013,0.01947,0.018490793644,0.016,0.018,0.016,0.02,0.019,0.017,0.018,0.016,0.013,0.01759,0.017,0.019,0.022,0.02,0.017,0.018,0.019,0.019,0.021,0.017,0.018,0.01695,0.019,0.015,0.015464,0.01872,0.01613,0.018935,0.02,0.016,0.018,0.015,0.019,0.016,0.018,0.019,0.018,0.017,0.018,0.022,0.014,0.017,0.018,0.02018,0.01503,0.01707,0.0180100443806,0.0193573124873,0.0194369756239,0.02028
"24",0.018,0.018,0.01933,0.022,0.018,0.021038,0.017,0.0196,0.0203550593,0.018,0.018,0.016,0.019,0.021,0.021,0.019,0.018,0.017,0.01767,0.019,0.019,0.019,0.02114,0.018,0.02,0.021,0.019,0.023,0.01806,0.01576,0.016,0.018,0.02,0.015,0.02,0.016,0.018705,0.01917,0.014,0.019,0.01697,0.02,0.014,0.022,0.019,0.018,0.017,0.018,0.022,0.017,0.018,0.018,0.01985,0.016702,0.01727,0.0192803497791,0.0206357124369,0.019991889831,0.02153
"25",0.01843,0.01926,0.01918,0.02,0.018,0.019072,0.014,0.01906,0.0166313249,0.016,0.018,0.018,0.018,0.019,0.015,0.016,0.017,0.018,0.018,0.016,0.017,0.019,0.022,0.02,0.017,0.016,0.0177,0.017,0.01773,0.015,0.019,0.017,0.017,0.017,0.021,0.015,0.018,0.017,0.014,0.015,0.016,0.016,0.015,0.019,0.018,0.019,0.017,0.018,0.021,0.016,0.016,0.018,0.018785752235,0.014364,0.017,0.0181652226065,0.018830788395,0.0167374516204,0.01964
"26",0.017,0.018,0.02,0.02,0.02,0.019446,0.014,0.01916,0.017220615853,0.018,0.018,0.018,0.018,0.017,0.016,0.018,0.021,0.01687,0.017,0.018,0.018,0.024,0.019,0.02,0.018,0.021,0.019,0.019,0.018,0.01479,0.019,0.018,0.016,0.015,0.01794,0.016,0.01778,0.016,0.015,0.014,0.015,0.017,0.015,0.01777,0.019,0.017,0.0182876,0.018,0.02,0.018,0.017,0.018,0.01869150447,0.014564,0.01705,0.018627418384,0.0187362328788,0.0173992672216,0.01977
"27",0.018,0.01981,0.01785,0.01719,0.017,0.019124,0.01505,0.01869,0.017147148088,0.015,0.01741,0.018,0.017,0.01601,0.014,0.02,0.018,0.01598,0.018,0.012,0.014,0.025,0.019745,0.02,0.018,0.017,0.017,0.019,0.02,0.01473,0.015,0.016,0.016877769838,0.016,0.01738,0.016,0.017825,0.015,0.014,0.016,0.0166,0.018,0.019,0.01922,0.0197,0.01837,0.018,0.019,0.02,0.016,0.018,0.017215,0.01846150447,0.014608,0.01707,0.0183674726545,0.0181053157456,0.0167295070648,0.01909
"28",0.01935,0.01938,0.02,0.017,0.02,0.019692,0.016,0.01924,0.018264290017,0.016,0.018,0.017,0.016,0.018,0.01648,0.015,0.018,0.01729,0.017,0.016,0.01892,0.025,0.021,0.017,0.023,0.017,0.018,0.021,0.01779,0.013,0.02,0.017,0.02,0.015,0.019,0.014,0.01815,0.02,0.013,0.015,0.016,0.019,0.017,0.01997,0.018,0.022,0.02,0.022,0.02,0.015,0.01619,0.018,0.01964,0.01471,0.0171,0.0185964245715,0.0200289914911,0.0193378117108,0.02055
"29",0.021,0.02,0.02004,0.021,0.023,0.020784,0.021,0.01993,0.0173911746,0.019,0.018,0.021,0.019,0.018,0.015,0.017,0.024,0.018,0.016,0.021,0.021,0.021,0.021,0.019,0.02,0.023,0.02,0.019,0.02029,0.0168,0.018,0.018,0.018,0.014,0.017,0.016,0.018395,0.022,0.015,0.019,0.017,0.022,0.018,0.021,0.019049915,0.021,0.018,0.02,0.018,0.018,0.017718,0.018,0.0196,0.01674,0.017500505996,0.0193870356567,0.0204213876837,0.0202381785484,0.02227
"30",0.022,0.02,0.021,0.022,0.02,0.02283,0.021,0.02164,0.021,0.025,0.02,0.019,0.022,0.022,0.017,0.023,0.023,0.022,0.02131,0.027,0.02125,0.025,0.021,0.02,0.02,0.025,0.021,0.025,0.02258,0.021246,0.021,0.02,0.024,0.017,0.022,0.018,0.02043,0.022,0.019,0.02,0.022,0.024,0.022,0.019,0.022,0.023,0.022,0.022,0.022,0.022,0.021129,0.02182,0.02287,0.020026,0.019483541972,0.0221612509998,0.0226136344324,0.025599412577,0.0252
"31",0.0216,0.02048,0.02057,0.02,0.021,0.022002,0.01964,0.0211,0.0202,0.02197,0.018,0.019,0.02,0.021,0.018,0.022,0.023,0.02148,0.021,0.019,0.021135,0.025,0.0227,0.02,0.022,0.023,0.022,0.024,0.02198,0.019442,0.02045,0.021,0.021,0.016,0.017,0.019,0.019795,0.024,0.019,0.02,0.02032,0.02,0.01855,0.021,0.019,0.022,0.022,0.021,0.018,0.021,0.019578,0.02,0.02016,0.019106,0.017460505996,0.0204133758857,0.0222603883392,0.0232933906255,0.0248
"32",0.023,0.018,0.01954,0.02,0.018,0.021528,0.016,0.02091,0.022,0.02066,0.018,0.018,0.017,0.02,0.018,0.021,0.019,0.02043,0.021,0.02039,0.02,0.023,0.022,0.02,0.02,0.025,0.01991,0.024,0.022,0.018238,0.019,0.019,0.021,0.021,0.017,0.018,0.019465,0.021,0.021,0.021,0.02,0.022,0.01901,0.02,0.019,0.022,0.023,0.022,0.022,0.022,0.021,0.02,0.02004,0.018476,0.018171011992,0.019842044252,0.0213636636129,0.0220558943124,0.02339
"33",0.02,0.019,0.02,0.019,0.02,0.020866,0.015,0.02093,0.021,0.02325,0.018,0.019,0.018,0.019,0.019,0.020327926,0.02,0.02187,0.021,0.022,0.019,0.02,0.023,0.02,0.022,0.026,0.02,0.022,0.02,0.018456,0.022,0.02,0.022,0.021,0.023,0.019,0.019905,0.019,0.02,0.019,0.024,0.019,0.022,0.019,0.019,0.022,0.024,0.021,0.02071,0.018,0.023,0.019,0.02047,0.018832,0.018391517988,0.0202417734795,0.0208708105938,0.0222455198435,0.0227
"34",0.02,0.019,0.019,0.024,0.018,0.01956,0.021,0.02,0.022,0.02291,0.018,0.019,0.02,0.017,0.016,0.017,0.018,0.02068,0.022,0.021,0.02013,0.021,0.023,0.021,0.018,0.021,0.019,0.0206,0.019,0.018164,0.021,0.023,0.02,0.021,0.024,0.01833,0.019365,0.02,0.017,0.018,0.019,0.02043,0.016,0.020176,0.022,0.021,0.021,0.019,0.021,0.017,0.021,0.018,0.0209,0.017418,0.018431517988,0.019591591569,0.0202189174166,0.0221037602146,0.02301
"35",0.02113,0.0193,0.019,0.023,0.02095,0.020998,0.022,0.02,0.02,0.02171,0.018,0.024,0.022,0.019,0.015,0.018,0.018,0.02028,0.02,0.0198,0.02007,0.02229,0.02,0.02,0.019,0.021874953443,0.018,0.019,0.021,0.017256,0.019,0.021,0.019,0.0196,0.02,0.01842,0.01925,0.0205,0.018,0.019,0.02,0.022,0.017,0.02,0.019,0.02,0.021,0.02,0.02,0.019,0.018,0.02,0.02027,0.017954,0.0173,0.0193840596548,0.0210792258134,0.0206063628124,0.02282
"36",0.02,0.019,0.02,0.021,0.022,0.021588,0.019,0.022,0.021,0.01999,0.019,0.021,0.021,0.018,0.018,0.018,0.017,0.021,0.01959,0.02,0.019,0.02256,0.02278,0.022,0.022,0.022,0.019,0.019,0.016,0.018392,0.018,0.021,0.018968,0.023,0.019,0.018,0.01936,0.02043,0.02,0.0191102144422,0.01928,0.022,0.019,0.01927,0.019,0.02,0.021,0.019,0.02,0.018,0.021,0.019,0.01992,0.018232,0.01729,0.0195944284871,0.021286815913,0.0218229322955,0.02262
"37",0.022,0.021,0.01991,0.02,0.024,0.021906,0.02,0.02087,0.019999546005,0.019,0.0175,0.022,0.018,0.018,0.018,0.0205985750843,0.017,0.019,0.018,0.02,0.024,0.025,0.023,0.02006,0.025,0.023,0.023,0.017,0.025,0.019364,0.015,0.021,0.017,0.018,0.02,0.02,0.01965,0.019,0.017,0.020053016838,0.018,0.02,0.018,0.020442,0.01977,0.019,0.021,0.02,0.02,0.019,0.019,0.021,0.01942,0.018466,0.01717,0.0199763354435,0.0205845147894,0.0225433906255,0.02413
"38",0.022,0.021,0.02079,0.019,0.02464,0.022898,0.021,0.024,0.019,0.02,0.022,0.025,0.02354,0.018,0.025,0.024,0.022,0.028,0.021,0.02123,0.022,0.03,0.02432,0.02,0.026,0.022,0.024,0.019,0.02,0.021892,0.021,0.019,0.02107,0.018,0.02,0.021,0.020915,0.0218,0.02,0.0204061403568,0.021,0.026,0.015,0.019912,0.019555,0.02,0.017,0.022,0.023,0.02,0.02041,0.022,0.018,0.02,0.016,0.025,0.024,0.0274148189988,0.02777
"39",0.02315,0.02842,0.02143,0.02145,0.025,0.02573,0.026,0.023,0.023,0.032,0.024,0.029,0.028,0.02476,0.024,0.017,0.023,0.031,0.026,0.022,0.022,0.029,0.03387,0.023,0.023,0.0246385963763,0.024,0.021,0.028,0.027874,0.028,0.028,0.02,0.0154,0.02,0.031,0.02341,0.022,0.022,0.0225501719425,0.025,0.025,0.018,0.021549,0.02076,0.024,0.024,0.022,0.024,0.024,0.017,0.02597,0.03,0.024,0.019,0.021,0.024,0.0326380666044,0.0334
"40",0.024,0.02359,0.01983,0.015,0.025,0.020502,0.02,0.018,0.022,0.019,0.023,0.017,0.018,0.018,0.025,0.018,0.014,0.023,0.023,0.02,0.021,0.02274,0.026,0.02013,0.017,0.018,0.018,0.019,0.021,0.017744,0.019,0.024,0.019,0.019,0.01914,0.01909,0.021,0.022,0.023,0.0184638355291,0.016,0.02,0.016,0.018484,0.018808788851,0.024,0.004,0.02,0.019,0.017918,0.017,0.020182,0.015,0.019102,0.021,0.015,0.019635,0.024164284361,0.0262
"41",0.013,0.01,0.01,0.01,0.008,0.013438,0.007,0.016,0.017,0.01,0.015,0.018,0.008,0.016,0.023,0.011,0.013,0.01385,0.013648,0.01583,0.012,0.018,0.009,0.003,0.019,0.019,0.015,0.018,0.016,0.013952,0.01,0.01572,0.017,0.014605,0.01613,0.01563,0.011865,0.013,0.02,0.014,0.011,0.022,0.016,0.011,0.0150444306277,0.019,0.007,0.02,0.022,0.015,0.008,0.026,0.02,0.012746,0.019,0.021,0.02,0.0152883144984,0.0148
"42",0.013,0.01228,0.01,0.008,0.009,0.011814,0.011,0.014,0.008,0.004,0.012,0.01,0.007,0.014,0.015,0.015,0.009,0.007,0.011993,0.01,-0.003,0.02,0.0111,0.013,0.013,0.009,0.011,0.013,0.01308,0.010922,0.004,0.018,0.018,0.014048,0.01463,0.01353,0.011415,0.011,0.013,0.011,0.013,0.0156590328056,0.014,0.01294,0.0131033470941,0.018,0.01,0.014,0.017,0.0115781904897,0.01,0.013804,0.022,0.0056,0.015,0.0147354694074,0.023134,0.012926828298,0.01191
"43",0.018,0.01341,0.00978500000000001,0.01304,0.01245,0.01328,0.006,0.011,0.012482626498,0.016,0.015,0.013,0.012,0.008,0.015,0.007,0.014445,0.01332,0.002,0.025,-0.001,0.008,0.01253,0.008,0.012,0.015,0.015,0.008,0.01,0.011736,0.011,0.016,0.01390562673,0.014216,0.01379,0.015,0.009075,0.011,0.014,0.004,0.013,0.012,0.013,0.01437,0.01206790853,0.021,0.008,0.018,0.017,0.013,0.008,0.011,0.016,0.011198,0.018,0.015,0.022,0.0133371118484,0.01189
"44",0.012,0.01394,0.009,0.012,0.014,0.01297,0.007,0.014,0.016,0.01,0.015,0.012,0.011,0.015,0.013,0.012657920354,0.014,0.013,0.010938,0.012,0.01009,0.012,0.0127,0.013,0.013,0.018,0.015,0.01292,0.013,0.012,0.009,0.018,0.01432888019,0.012,0.01412,0.012,0.00906000000000001,0.008,0.013,0.0117732807481,0.015,0.0135,0.016,0.021,0.0128349805607,0.017,0.004,0.0153538602,0.017,0.009,0.009,0.014274,0.01,0.015,0.017,0.016,0.012,0.011993106516,0.01255
"45",0.014,0.017,0.010935,0.015,0.0144375,0.01465,0.006,0.016,0.013,0.007,0.014,0.013,0.012,0.015,0.013,0.014,0.012,0.016,0.01,0.016,0.013355,0.012,0.017,0.0156,0.015,0.016,0.017,0.009,0.011,0.011938,0.014,0.016,0.0156,0.0129,0.01455,0.01413,0.003,0.004,0.014,0.016,0.016,0.017,0.015,0.01581,0.0134990936976,0.023,0.013,0.0183818067,0.018,0.011,0.013,0.014854,0.018,0.011,0.01729,0.019,0.0179222,0.0132785765664,0.01409
"46",0.015,0.017,0.01,0.016,0.016,0.01409,0.015,0.016,0.013,0.011,0.016,0.018,0.01301,0.017,0.01412,0.01,0.01466,0.02,0.012,0.019,0.01197,0.01673,0.014,0.013,0.013,0.014,0.016,0.012,0.015,0.01205,0.011,0.016,0.014,0.01351,0.01416,0.01456,0.011235,0.004,0.015,0.0132885571728,0.014803,0.017,0.015,0.01306,0.0134847028188,0.02,0.011,0.01622172,0.013,0.011,0.01,0.014755,0.017,0.008,0.01724,0.014,0.01756,0.01372576668,0.01499
"47",0.01552,0.0155,0.01229,0.014,0.017,0.015224,0.015,0.015,0.014,0.012,0.016,0.017,0.015,0.016,0.016,0.015,0.01471,0.014,0.012,0.017,0.01278,0.02,0.018,0.014,0.015,0.016,0.01603,0.015,0.015,0.012192,0.013,0.013,0.01484825346,0.013209,0.01442,0.01426,0.012315,0.006,0.0137446430854,0.0114,0.016,0.018,0.015,0.01367,0.0141430539901,0.018,0.007,0.014898,0.013,0.016,0.011,0.014805,0.019,0.012,0.018,0.016903,0.017,0.014350801876,0.01424
"48",0.016,0.018,0.016,0.014,0.016,0.016938,0.014,0.018,0.015087029955,0.018,0.016,0.02,0.017,0.017,0.019,0.017,0.016,0.013,0.012,0.012,0.013035,0.015,0.01795,0.017,0.015,0.017,0.018,0.014,0.011,0.013038,0.016,0.016,0.014,0.013597,0.01534,0.01497,0.01386,0.007,0.016,0.017,0.01616,0.016,0.01546,0.01583,0.0148470058041,0.018,0.009,0.01691,0.018,0.018,0.012,0.015961,0.015,0.01,0.019,0.018,0.0174234,0.014,0.01571
"49",0.01797,0.019,0.018,0.02,0.018,0.018098,0.01,0.019,0.017085636761,0.017,0.018,0.02,0.019,0.017,0.019,0.022,0.019,0.015,0.013,0.016,0.016665,0.023,0.024,0.014,0.02,0.017,0.019,0.017,0.016,0.01537,0.015,0.01752,0.01619056385,0.016,0.01714,0.01605,0.016955,0.018,0.01517,0.016,0.019,0.018,0.015,0.01563,0.0169204525376,0.018,0.021,0.01682537015,0.018,0.018,0.012,0.017,0.019,0.013,0.018,0.021,0.0178450383043,0.016,0.01952
"50",0.02,0.022,0.024,0.016,0.022,0.019646,0.013,0.021,0.01903471134,0.02127,0.02,0.024,0.022,0.017,0.015,0.016,0.021,0.018,0.01781,0.018,0.02018,0.023,0.02232,0.022,0.02,0.018,0.02,0.017,0.012,0.021,0.022,0.02019,0.02,0.01695,0.01894,0.01733,0.01945,0.02,0.0171546430854,0.017886654762,0.02,0.018,0.019,0.01491,0.0168543258202,0.02,0.027,0.02253916667,0.015,0.016,0.013,0.019,0.021,0.0152,0.017131011992,0.018,0.022097426,0.024,0.02178
"51",0.02018,0.02155,0.02072,0.016,0.022,0.017,0.015,0.02,0.019463361679,0.024,0.02,0.021,0.019,0.01789,0.016,0.019,0.021,0.021,0.016,0.021,0.019735,0.02,0.02452,0.02,0.019,0.01948,0.019,0.021,0.019,0.019,0.023,0.025,0.0164,0.017506,0.01859,0.01798,0.01961,0.01899,0.017,0.017,0.019,0.019,0.01735,0.015424,0.0169013258202,0.02,0.025,0.01989428571,0.018,0.0169416749249,0.015,0.018746,0.01971,0.014,0.017581011992,0.016,0.024369752,0.025,0.019
"52",0.01572,0.018,0.005,0.015,0.02,0.015,0.015,0.019,0.015692323498,0.018,0.018,0.018,0.017,0.015,0.014,0.017,0.017,0.02,0.011,0.016,0.0157,0.022,0.017,0.017,0.016,0.019,0.018,0.019,0.015,0.015142,0.016,0.016,0.014720954385,0.015167,0.01547,0.01578,0.014935,0.01486,0.017,0.015,0.016843,0.016,0.01,0.008,0.012,0.02,0.03,0.01929428571,0.014,0.0150406996996,0.012,0.016093,0.017,0.015,0.015,0.012,0.0204903,0.015,0.019
"53",0.01,0.022,0.01483,0.02,0.016,0.02,0.009,0.019,0.016174322352,0.021,0.018,0.018,0.016,0.017,0.012,0.018,0.016445,0.02,0.005,0.018,0.01467,0.018,0.018,0.02,0.016,0.02,0.01752,0.02,0.015,0.014784,0.015,0.017,0.015834355129,0.014897,0.01527,0.0157,0.015235,0.015,0.019,0.0154,0.02,0.018,0.01644,0.006,0.015,0.019,0.033,0.01105178571,0.014,0.0151590247747,0.01,0.017,0.01702300894,0.015,0.016,0.015,0.0178573535,0.015,0.019
"54",0.0193,0.023,0.019345,0.021,0.0186525,0.021,0.012,0.017,0.016758047841,0.021,0.017,0.021,0.019,0.017,0.017,0.022,0.019,0.019,0.015,0.015,0.01733,0.023,0.020715,0.019,0.018,0.018,0.019,0.018,0.01685,0.015,0.018,0.02,0.0164447260425,0.016074,0.01679,0.01682,0.016905,0.01774,0.018,0.0189,0.018,0.02,0.01714,0.011,0.015,0.019,0.028,0.01555416667,0.015524,0.0161093498498,0.011,0.014,0.01909150447,0.0206,0.014,0.015,0.01329597204,0.017,0.025
"55",0.01894,0.02219,0.022,0.01684,0.018685,0.018,0.013,0.019,0.017102334053,0.02,0.018,0.016,0.018,0.018,0.02,0.017,0.019,0.022,0.016,0.01662,0.016425,0.02,0.022,0.019,0.012,0.018,0.01795,0.0202,0.019,0.017462,0.019,0.02,0.016,0.015256,0.01758,0.01662,0.017175,0.01776,0.01618,0.01279768562,0.019,0.018,0.01716,0.005,0.015,0.019,0.026,0.0167,0.01,0.015876,0.016,0.016376,0.02,0.015922,0.018,0.015,0.0137932,0.015,0.025
"56",0.019,0.028,0.022,0.015,0.02,0.02,0.016,0.02,0.018459766807,0.02,0.019,0.019,0.02,0.018,0.019,0.017,0.016,0.025,0.018,0.015,0.01938,0.02,0.02149,0.017,0.016,0.017,0.019,0.0174,0.02,0.017162,0.018,0.01971,0.01641727325,0.015286,0.01782,0.01681,0.018305,0.01928,0.015,0.01712144422,0.019,0.019,0.01739,0.015764,0.017,0.02,0.024,0.01875,0.017,0.0161796749249,0.016,0.01758,0.019,0.015026,0.016,0.017,0.0204329,0.017,0.02
"57",0.019,0.022,0.01837,0.015,0.01768,0.013,0.012,0.021,0.016495504809,0.0179,0.018,0.019,0.018,0.018,0.02,0.015,0.019,0.01728,0.019,0.017,0.01644,0.023,0.023,0.015,0.016,0.019,0.019,0.0169,0.018,0.018,0.016,0.01812,0.0168049847845,0.015029,0.01659,0.017,0.017255,0.01689,0.0162846430854,0.01515720199,0.01737,0.022,0.01782,0.009,0.016,0.021,0.018,0.01503,0.016,0.0156556749249,0.012,0.016,0.01830300894,0.015166,0.018,0.016,0.017034,0.016,0.022
"58",0.019,0.018,0.013705,0.014,0.01611,0.014,0.014,0.017,0.014757979724,0.01606,0.018,0.011,0.013,0.013,0.015,0.016,0.02,0.018,0.016,0.014,0.015095,0.0177,0.018095,0.016,0.017,0.017,0.01598,0.0179,0.011,0.019,0.014,0.015,0.01413025346,0.013507,0.01437,0.01432,0.014,0.014,0.015,0.015,0.017,0.019,0.01418,0.01145,0.01264630308,0.019,0.024,0.01428,0.014,0.0135731238735,0.012,0.015227,0.018,0.013778,0.015,0.01264630308,0.01539532407,0.014,0.017
"59",0.01601,0.01514,0.01371,0.015,0.0154675,0.014,0.0132,0.017,0.014376706533,0.019,0.015,0.012,0.01483,0.013,0.016,0.016,0.017,0.018,0.015119,0.01604,0.015425,0.0176,0.02,0.016,0.017,0.016576,0.01625,0.0165,0.01388,0.015,0.011,0.015,0.014,0.013747,0.01427,0.01479,0.016,0.01401,0.015,0.01455278148,0.017,0.016,0.01498,0.01,0.014,0.016,0.02,0.01385,0.013,0.0130951238735,0.013,0.015,0.0155752235,0.015,0.015,0.014,0.0161223,0.017,0.016
"60",0.015,0.016,0.016,0.014,0.012,0.016,0.01223,0.015,0.014158024722,0.017,0.015,0.013,0.014,0.013,0.014,0.016,0.018,0.016,0.014299,0.017,0.014685,0.01597,0.01642,0.019,0.015,0.016,0.0159,0.015,0.011,0.01273,0.012,0.015,0.013545,0.013283,0.01389,0.01461,0.012,0.01206,0.012,0.01422013537,0.01496,0.014,0.01407,0.011,0.01218627894,0.018,0.02,0.0169,0.014,0.0127957244743,0.013,0.015,0.015,0.013292,0.017,0.01218627894,0.0169638672471,0.017,0.016
"61",0.018,0.01233,0.00978500000000001,0.012,0.011,0.013,0.01107,0.014,0.012513722118,0.014,0.013,0.012,0.014,0.011,0.012,0.011,0.015,0.01239,0.015,0.015,0.012565,0.01492,0.01364,0.012,0.013,0.017,0.015,0.014,0.012,0.011058,0.0127,0.01405,0.012131,0.012886,0.0136,0.01374,0.011,0.01132,0.013,0.01178717106,0.015,0.014,0.01224,0.012,0.01135897482,0.017,0.016,0.0142,0.013,0.0107573038161,0.015,0.014,0.013,0.014,0.016,0.01135897482,0.014023,0.011,0.015
"62",0.013,0.009,0.006,0.014,0.01,0.014,0.00990000000000001,0.01294,0.011865712866,0.014,0.014,0.011,0.012,0.011,0.012,0.012,0.015,0.00744000000000001,0.015,0.01,0.01259,0.01483,0.010565,0.01,0.014,0.014,0.01061,0.013,0.011,0.01177,0.011,0.01176,0.013,0.013,0.01372,0.014,0.012,0.01153,0.01,0.01276414112,0.012,0.014,0.01101,0.01,0.01227930129,0.02,0.017,0.01075,0.012,0.0107014433368,0.013,0.013307,0.012,0.014,0.016,0.01227930129,0.0142979576189,0.01,0.01
"63",0.01213,0.00973000000000001,0.007485,0.014,0.0106725,0.014,0.01,0.01178,0.01091,0.012,0.013,0.008,0.01,0.01,0.012,0.012,0.009,0.008,0.012,0.01146,0.01029,0.01413,0.009,0.014,0.012,0.013,0.01,0.013,0.011,0.010734,0.011,0.01134,0.011565,0.013,0.01375,0.013,0.011,0.01024,0.005,0.01014307945,0.013,0.014,0.014,0.01,0.0098407405,0.014,0.017,0.01265,0.012,0.010290144456,0.012,0.01,0.01199150447,0.012,0.015,0.0113569126624,0.01171421841,0.01,0.015
"64",0.01,0.008,0.0075,0.0129,0.00968000000000001,0.011,0.00863000000000001,0.01082,0.01021,0.01,0.013,0.006,0.01,0.01101,0.012,0.012,0.009,0.007,0.009,0.012,0.00971500000000001,0.0134,0.0025,0.011,0.013,0.011,0.00853,0.011,0.007,0.00997000000000001,0.011,0.01,0.011347,0.012,0.013,0.011,0.01,0.0104,0.01,0.01094892768,0.012,0.013,0.01,0.01,0.01131643282,0.017,0.015,0.0128,0.0096,0.00954954669440001,0.012,0.011602,0.011,0.008,0.01351,0.01131643282,0.0109634,0.008,0.012
"65",0.004,0.005,-0.0025,0.01,0.003,0.006,0.00857,0.01088,0.010315713259,0.007,0.009,0.005,0,0.005,0.007,0.013,0.01044,0.004,0.00893900000000001,0.009,0.00799,0.01312,0.003,0.004,0.012107,0.008,0.003,0.013,0.006,0.003,0.004,0.009,0.008438,0.013039,0.012,0.01061,0.005,0.01014,0.005,0.00638742454,0.009,0.018,0.008,0.01183,0.00837393251,0.018,0.007,0.011485,0.0075,0.00698144456,0.007,0.012228,0.005,0.006,0.013,0.00837393251,0.0071280802135,0.003,0.009
"66",0.005,0.004,0.008,0.011,0.01,0.011,0.007,0.009,0.010589467053,0.00845000000000001,0.007,0.005,0.012,0.00991000000000001,0.01,0.014,0.011,0.00587,0.009,0.005,0.010375,0.01285,0.004,0.008,0.013,0.013,0.004,0.013,0.00847000000000001,0.012,0.011,0.01,0.009956,0.014,0.01382,0.0118,0.009,0.01048,0.006,0.01275656838,0.011,0.017,0.00907000000000001,0.014,0.00015836861,0.016,0.019,0.009805,0.007,0.00973480447680001,0.01,0.01,0.008,0.01613110336,0.01,0.00015836861,0.012,0.009,0.01
"67",0.01189,0.00974000000000001,0.007825,0.013,0.0112525,0.01,0.00908000000000001,0.01262,0.01101,0.007,0.012,0.007,0.012,0.012,0.011,0.01271186441,0.01227,0.005,0.01,0.009,0.012635,0.01399,0.010265,0.015,0.016,0.012,0.006,0.012,0.01,0.012,0.014,0.011,0.011366,0.013371,0.015,0.01213,0.010865,0.01092,0.008,0.01282228894,0.011,0.016,0.00998000000000001,0.016,0.0117206107127,0.016,0.019,0.01385,0.0104,0.0108511182617,0.012,0.015,0.012,0.014,0.014,0.0120515665825,0.0124279530246,0.01,0.01
"68",0.012,0.006,0.00796,0.014,0.01057,0.01,0.00871000000000001,0.013,0.01088,0.012,0.013,0.007,0.008,0.01,0.017,0.010998,0.011665,0.005,0.011095,0.008,0.010325,0.01444,0.007,0.011,0.013,0.014,0.007,0.014,0.009,0.011,0.007,0.009,0.01168162673,0.013188,0.014,0.01123,0.013,0.01008,0.00808000000000001,0.01234,0.011651,0.015,0.01051,0.009,0.0146915,0.012,0.014,0.012565,0.0095,0.009,0.01029,0.012,0.011,0.01,0.015,0.014691497,0.0130358952311,0.009,0.01
"69",0.004,0.008,0.007675,0.019,0.011,0.008,0.00898000000000001,0.01252,0.011203911746,0.002,0.014,0.01,0.01,0.009,0.013,0.0181,0.0105,0.004,0.011367,0.009,0.013,0.0145,0.00869,0.012,0.013,0.013,0.00885000000000001,0.019,0.009,0.011,0.009,0.01,0.01166025346,0.01385,0.014,0.008,0.013,0.01117,0.00920464308540001,0.00789,0.011,0.015,0.01036,0.013,0.015405,0.011,0.009,0.012645,0.0087,0.0104999589016,0.004,0.014,0.012,0.019,0.016,0.0118822866437,0.0121582081982,0.011,0.011
"70",0.00862000000000001,0.00902000000000001,0.007265,0.015,0.01,0.008,0.01006,0.01,0.011335713259,0.00861000000000001,0.014,0.008,0.005,0.01193,0.014,0.01863,0.01,0.004,0.012191,0.011,0.01281,0.01488,0.00912,0.014,0.01,0.014,0.00984000000000001,0.013815,0.013,0.008,0.008,0.009,0.010509,0.013256,0.01292,0.014,0.012,0.01106,0.00934464308540001,0.0110454,0.0123,0.020337,0.00980000000000001,0.01076,0.008719,0.008,0.00924,0.0112,0.013,0.00986903112960001,0.015,0.01,0.012,0.017,0.014,0.008719,0.0137218176286,0.014,0.008
"71",0.004,0.01045,0.007615,0.014,0.01,0.01,0.01046,0.01211,0.015,0.00930000000000001,0.014,0.011,0.013,0.011,0.01,0.01054107055,0.012,0.004,0.01242,0.012,0.01261,0.01521,0.00995,0.018,0.011,0.013,0.01014,0.014043,0.015,0.011,0.010278,0.01,0.010886,0.012906,0.013,0.01293,0.013,0.0109,0.0101625015978,0.0130392751,0.012541,0.015,0.00970000000000001,0.006,0.01064102753,0.011,0.012,0.00887566017,0.013,0.0105203760441,0.015,0.013,0.012,0.016,0.015,0.0113375492757,0.0135420002954,0.01,0.007
"72",0.014,0.01037,0.007745,0.014,0.0105025,0.013,0.00971000000000001,0.01257,0.0115,0.006,0.013,0.01,0.011,0.013,0.012,0.01406889211,0.01241,0.005,0.012281,0.014,0.012,0.01555,0.01117,0.012,0.013,0.013,0.01129,0.013504,0.016,0.01,0.008,0.011,0.011046,0.013134,0.012,0.01339,0.014,0.01075,0.0115210739394,0.0151207291,0.01289,0.015,0.01069,0.01106,0.01143337781,0.009,0.015,0.00826036084,0.0133,0.0107587471529,0.012,0.014,0.012,0.016,0.015,0.01143337781,0.0145045634755,0.013,0.007
"73",0.016,0.014,0.01116,0.015,0.0137,0.016,0.0122,0.01499,0.013,0.01,0.015,0.015,0.015,0.013,0.011,0.01407216214,0.015,0.015,0.012,0.016,0.013,0.01598,0.01429,0.017,0.015,0.014,0.01436,0.013737,0.016,0.01,0.012216,0.013,0.013,0.013242,0.012,0.01372,0.014,0.01106,0.0122825015978,0.01587325569,0.014106,0.015,0.01268,0.012,0.0119489977,0.01,0.01689,0.00826036084,0.015,0.0121188392203,0.015,0.013,0.011,0.014,0.016,0.0119489977,0.0163,0.01,0.015
"74",0.015,0.0137,0.01193,0.016,0.01825,0.016,0.01234,0.01614,0.014030960221,0.015,0.01625,0.012,0.014,0.016,0.011,0.01356664261,0.01529,0.015,0.014252,0.016,0.013,0.01618,0.016435,0.018,0.018,0.016,0.01636,0.017,0.014,0.011,0.013,0.015,0.0132,0.013663,0.0139,0.01455,0.013055,0.01119,0.012,0.01640232263,0.015,0.0146798127,0.01341,0.012,0.0136644245779,0.015,0.01659,0.01335173311,0.014,0.014,0.015,0.015,0.013,0.014,0.018,0.0142579219764,0.01613459764,0.0144466004332,0.015
"75",0.015,0.011,0.011575,0.015,0.01574,0.016,0.01326,0.018,0.014,0.011,0.01625,0.015,0.014,0.014,0.013,0.016,0.01503,0.015,0.014228,0.017,0.0135,0.016,0.015,0.018,0.014,0.0154,0.01491,0.015,0.014,0.011,0.014,0.01418,0.012,0.013144,0.013,0.01448,0.014045,0.01184,0.014,0.01382006862,0.014,0.01475972545,0.01264,0.01308,0.0135369206439,0.017,0.01669,0.01615673078,0.015,0.01,0.016,0.015,0.011,0.013,0.018,0.01307855567,0.01816388645,0.0139725215488,0.016
"76",0.013,0.01,0.010855,0.014,0.0165,0.016,0.01287,0.01636,0.014013036745,0.023,0.01625,0.016,0.014,0.015,0.016,0.015,0.015,0.016,0.015,0.01644,0.016,0.016,0.015,0.013,0.0158,0.015,0.01612,0.014544,0.014,0.012,0.015,0.01478,0.013,0.013988,0.015,0.014,0.014,0.01357,0.012,0.01275211945,0.01461,0.01840212569,0.01297,0.014,0.0140287488334,0.016,0.01669,0.01257328193,0.015,0.01,0.015,0.015,0.012,0.013,0.017,0.01442928094,0.017,0.015,0.017
"77",0.016,0.013,0.0161,0.01522,0.017,0.02,0.01347,0.01738,0.014807492168,0.017,0.0164475,0.017,0.016,0.018,0.016,0.015,0.015,0.017,0.017,0.016,0.017,0.016,0.018,0.019,0.017,0.015,0.01623,0.016,0.013,0.011,0.017,0.01565,0.013,0.017,0.011,0.015,0.015,0.01677,0.012,0.0150917682,0.015,0.014,0.01408,0.014,0.0157823416628,0.012,0.017,0.00747952372,0.015,0.0133810743241,0.0143,0.016,0.017,0.012942,0.017,0.01874126636,0.0181066,0.015,0.017
"78",0.016,0.014,0.014725,0.013,0.0166925,0.02,0.01375,0.01696,0.014206979118,0.017,0.016,0.018,0.016,0.015,0.016,0.018,0.015,0.017,0.016,0.01628,0.0155,0.016,0.018,0.021,0.0173,0.015,0.01645,0.016,0.013,0.009,0.01494,0.016,0.015,0.014,0.01464,0.017,0.015,0.01438,0.013,0.01530758116,0.015,0.0157,0.01413,0.01396,0.0160708119048,0.016,0.0169297,0.01546608681,0.013,0.0122,0.017,0.015,0.016,0.012,0.015,0.01782378211,0.0157992,0.015,0.016
"79",0.01666,0.014,0.017,0.014,0.01712,0.02,0.01467,0.01765,0.014,0.017,0.0171675,0.015,0.016,0.018,0.016,0.01231898429,0.015,0.017,0.017,0.01685,0.017,0.015,0.01863,0.018,0.019,0.019,0.01746,0.014,0.014,0.01,0.017,0.01678,0.014,0.015357,0.017,0.017,0.01585,0.01667,0.019,0.01760427723,0.016,0.016,0.01522,0.016,0.0165018697063,0.016,0.01669,0.01676200425,0.013,0.015,0.016,0.015,0.02,0.013,0.017,0.01729820065,0.020701,0.015,0.019
"80",0.018,0.015,0.01749,0.016,0.017,0.02,0.01488,0.01768,0.016137953255,0.01648,0.016945,0.018,0.016,0.018,0.016,0.01789842005,0.016,0.018,0.017,0.0158,0.017,0.019,0.02,0.017,0.017539,0.018,0.01695,0.019,0.015,0.012,0.01596,0.01646,0.017,0.014357,0.017,0.01586,0.017,0.01612,0.015,0.01664551841,0.017,0.015,0.01634,0.01677,0.017459,0.015,0.017,0.01589756435,0.017,0.012,0.0169,0.014,0.019,0.012,0.017,0.017901916446,0.0176393,0.018,0.018
"81",0.018,0.012,0.015165,0.012,0.019,0.017,0.01283,0.01585,0.011,0.025,0.01567,0.015,0.015,0.016,0.015,0.012,0.014,0.01588,0.015547,0.01725,0.015,0.018,0.02,0.017,0.014,0.019,0.02,0.019,0.016,0.013326,0.015,0.01529,0.011,0.014379,0.016,0.01529,0.0165,0.01336,0.014,0.01403361888,0.016,0.016,0.01544,0.014,0.0159811374197,0.016,0.0179025,0.01453930334,0.015,0.0108,0.017,0.011,0.017,0.016,0.017,0.01563526,0.0186902,0.01642014428,0.014
"82",0.016,0.014,0.01466,0.016,0.015785,0.017,0.01303,0.01663,0.01384484441,0.019,0.015905,0.014,0.015,0.013,0.013,0.01542684005,0.014,0.0158,0.015895,0.01619,0.015415,0.017,0.018,0.015,0.016746,0.019,0.01592,0.016,0.011,0.011862,0.014,0.01533,0.014,0.014627,0.01496,0.016,0.0145,0.0144,0.0141946430854,0.01338631907,0.014,0.01687513593,0.01441,0.016,0.0158967595078,0.017,0.0165853,0.01296218842,0.015,0.01316749249,0.018,0.017,0.016,0.015,0.017,0.01548198,0.0182899,0.01531273372,0.012
"83",0.01493,0.01313,0.00986500000000001,0.01329,0.013095,0.017,0.01113,0.01277,0.011,0.007,0.014225,0.014,0.013,0.015,0.013,0.013,0.014,0.01295,0.013128,0.01535,0.013,0.014,0.01338,0.015818,0.014444,0.011,0.01443,0.014,0.013,0.010962,0.013,0.01354,0.008,0.01322,0.014,0.013,0.0145,0.01184,0.013,0.01313605827,0.014,0.01540228223,0.01236,0.011,0.0124076964412,0.015,0.0155269,0.01239854449,0.015,0.014,0.013,0.01,0.013,0.014,0.015,0.01306894,0.0154773,0.014277728,0.011
"84",0.012,0.014,0.008155,0.012,0.012,0.011,0.00830000000000001,0.01131,0.008,0.015,0.012715,0.01,0.012,0.012,0.013,0.01215928691,0.014,0.00836000000000001,0.01097,0.01183,0.012,0.013,0.01016,0.015,0.013241,0.012,0.00993000000000001,0.01,0.013,0.010332,0.010234,0.01159,0.012,0.013096,0.014,0.01309,0.00987500000000001,0.01033,0.012,0.0107483761,0.012,0.0153427234,0.00940000000000001,0.01224,0.0111902280166,0.016,0.013134,0.01160084993,0.011,0.011,0.013,0.011,0.009,0.011,0.013,0.01306894,0.0126317960574,0.01103665556,0.011
"85",0.012,0.014,0.008095,0.012,0.01,0.011,0.01028,0.009,0.009,0.011,0.0133975,0.013,0.013,0.013,0.013,0.0121,0.014,0.00827000000000001,0.013044,0.013,0.012985,0.01444,0.0114,0.014,0.0147,0.014,0.01073,0.011,0.013,0.010976,0.008,0.01222,0.0113,0.013004,0.014,0.013,0.014,0.014,0.014,0.01185717179,0.014,0.011,0.01,0.012,0.0119010948072,0.019,0.0149852,0.01261670012,0.012,0.012,0.015,0.012,0.012,0.013,0.013,0.01201387261,0.01147040628,0.014,0.012
"86",0.025,0.008,0.00902500000000001,0.02,0.014,0.009,0.00958000000000001,0.009,0.011917179919,0.02,0.012905,0.005,0.005,0.01056,0.012,0.00793061489,0.018,0.00982000000000001,0.011364,0.009,0.011,0.0142,0.0125,0.018,0.013201,0.018,0.00992000000000001,0.01388,0.01163,0.00983800000000001,0.00990500000000001,0.01103,0.002,0.013283,0.01277,0.014,0.00885000000000001,0.00960000000000001,0.01,0.0091053545326,0.012658,0.013,0.006,0.012977,0.0108664172145,0.013,0.0134834,0.00998325059,0.012,0.011,0.003,0.016,-0.003,0.008,0.014760505996,0.01271658759,-0.009,0.005,-0.005
"87",0.01479,0.01136,0.00751000000000001,0.002,0.014,0.011,0.0106,0.01315,0.011673017646,0.007,0.01274,0.019,0.006,0.01266,0.009,0.00967277677,0.018,0.01072,0.011937,0.01382,0.021,0.01541,0.0125,0.01417,0.013663,0.0062,0.01192,0.016,0.01405,0.00966600000000001,0.007,0.01233,0.004,0.013014,0.007,0.01324,0.005,0.01013,0.01246430854,0.00472130693,0.013,0.02,0.006,0.013,0.011099123877,0.021,0.0137907,0.00910493205,0.011,0.009,0.013,0.015,0.01,0.014,0.01484,0.01267908834,0.0096838364105,0.014,0.003
"88",0.015,0.013,0.00848,0.005,0.012,0.006,0.00993000000000001,0.017,0.012,0.008,0.013245,0.007,0.01,0.011,0.012,0.009844,0.017,0.01,0.0106,0.01241,0.019,0.01443,0.01,0.015,0.013823,0.018,0.01081,0.01,0.0124,0.007,0.011,0.01197,0.013,0.013155,0.01254,0.013,0.01,0.0114,0.0121657170248,0.0098664,0.008,0.0151,0.006,0.01331,0.0118783081685,0.015,0.0147531,0.00070108215,0.011,0.01,0.015,0.0146,0.008,0.0130072441344,0.01515,0.016,0.0155433697452,0.011,0.01
"89",0.015,0.008,0.00991000000000001,0.007,0.012,0.007,0.01123,0.01483,0.012395794294,0.001,0.0139975,0.007,0.01,0.013,0.012,0.0112851529,0.013,0.013,0.0159,0.01471,0.023,0.01614,0.01209,0.013,0.014461,0.019,0.014,0.01,0.01362,0.014,0.011413,0.01353,0.012,0.014703,0.016,0.015,0.011,0.013,0.0126878585124,0.01333206803,0.011,0.01623,0.011,0.01321,0.0122422711813,0.016,0.0155224,0.01104525119,0.013,0.012,0.015,0.016,0.009,0.017,0.01605,0.01476948681,0.0273508,0.014,0.01
"90",0.015,0.014,0.00956500000000001,0.012,0.017,0.009,0.01175,0.015,0.012225713259,0.004,0.0147375,0.019,0.014,0.017,0.012,0.01011465262,0.013,0.016,0.016,0.0164,0.01425,0.01652,0.014435,0.01,0.014566,0.016,0.01546,0.011,0.015,0.0072,0.012,0.01458,0.0205,0.014692,0.01483,0.015,0.012,0.0113,0.0135310739394,0.01131671658,0.012,0.012,0.01,0.013,0.0128103254952,0.011,0.0141725,0.01270083289,0.014118,0.008,0.012,0.0145,0.014,0.011,0.01665,0.0137685814854,0.02990132,0.014,0.017
"91",0.014,0.01411,0.01082,0.016,0.0161225,0.012,0.01304,0.01632,0.013967892193,0.015,0.015895,0.02,0.015,0.014,0.014,0.01238308067,0.015,0.018,0.014941,0.01634,0.0165,0.01643,0.015755,0.017,0.015849,0.015,0.01589,0.009,0.01356,0.012,0.018,0.0147,0.016,0.013958,0.015,0.01448,0.013005,0.01265,0.013,0.01562844427,0.017,0.014,0.01,0.015,0.0132813269831,0.014,0.0174928,0.0131589116613,0.014586,0.014,0.015,0.0146,0.012,0.009,0.01638,0.00941540469,0.0176211056691,0.015,0.018
"92",0.01791,0.034,0.01706,0.013,0.019,0.016,0.01417,0.01754,0.015238647265,0.025,0.0176775,0.018,0.018,0.011,0.013,0.01541168,0.014,0.02,0.016249,0.01638,0.018,0.01926,0.02,0.013,0.017149,0.017,0.01735,0.013,0.015,0.013,0.01641,0.01631,0.019262673,0.015095,0.016,0.016,0.015,0.01657,0.01535,0.01452584,0.015,0.014,0.014,0.01411,0.0163679974502,0.014,0.0177027,0.01904,0.01703,0.017,0.015,0.014,0.018597256705,0.012,0.017341011992,0.02436752445,0.0188557059425,0.015,0.018
"93",0.025,0.028,0.01922,0.013,0.014,0.0184,0.01388,0.017,0.016144247278,0.04,0.018225,0.018,0.022,0.013,0.018,0.02199258057,0.012,0.02,0.01722,0.01693,0.017,0.02028,0.02057,0.016,0.017116,0.02,0.01693,0.015,0.01617,0.014,0.01598,0.01823,0.022,0.015875,0.019,0.018,0.016,0.01663,0.016,0.01300713655,0.01761,0.01,0.019,0.013,0.016412871187,0.011,0.0201269,0.04240589681,0.01626,0.016,0.014,0.016695,0.018,0.018,0.017361011992,0.01548466079,0.0178722326348,0.012,0.025
"94",0.026,0.05,0.0209,0.02475,0.025,0.026,0.02103,0.02364,0.016,0.04629,0.02125,0.039,0.052,0.043,0.013,0.04965962134,0.01,0.027,0.02116,0.0226,0.029,0.02543,0.03241,0.029,0.02224,0.035,0.02155,0.025,0.02814,0.025924,0.02071,0.02226,0.0313,0.017472,0.02229,0.023,0.019,0.02079,0.018,0.02594944083,0.011,0.014,0.02187,0.024294,0.0201707393251,0.0243956,0.0182048,0.0401538672,0.02087,0.022,0.026,0.033,0.036,0.02,0.02336011992,0.02435437763,0.0172426422365,0.0302388789723,0.023
"95",0.02803,0.03836,0.02138,0.02985,0.045,0.025,0.02253,0.023,0.020648,0.058,0.022675,0.027,0.045,0.03485,0.037,0.04474088778,0.035,0.03,0.02374,0.02453,0.037,0.02764,0.0495,0.047,0.02312,0.03685240073,0.02307,0.034,0.03531,0.0378,0.02393,0.02492,0.052,0.01714,0.03214,0.028,0.035,0.02202,0.033,0.03002329394,0.03,0.029,0.029,0.019,0.02091,0.029,0.02003,0.0411,0.02216,0.032,0.041,0.032,0.035,0.035722,0.032416311792,0.05016355435,0.0417803,0.03438737971,0.052
"96",0.035,0.0393,0.02113,0.05,0.03,0.035,0.02239,0.039,0.019850186343,0.074,0.0225,0.033,0.04181,0.03602,0.058,0.0487836938,0.05,0.045,0.02325,0.02337,0.068,0.02759,0.1,0.058,0.02233,0.0519902143,0.02292,0.046,0.04,0.0674,0.02252,0.02443,0.058,0.017054,0.041,0.03085,0.038,0.02156,0.03907,0.0307021252,0.049,0.038,0.034,0.0474,0.0203956336861,0.038,0.01936,0.049748292,0.02123,0.039,0.046,0.033,0.048,0.046,0.034891877748,0.0451258446,0.00686385924000001,0.08,0.055
"97",0.02,0.0357,0.02116,0.03189,0.028,0.043,0.02217,0.02645,0.020030186343,0.092,0.02193,0.038,0.035,0.03203,0.051,0.027,0.025,0.04,0.02313,0.02337,0.042,0.02745,0.05097,0.048,0.02236,0.0291471798,0.0227,0.042,0.035,0.036,0.02246,0.02386,0.046,0.01699,0.035,0.035,0.027,0.02156,0.048,0.0286795082,0.04,0.027,0.03,0.0345,0.0204056336861,0.027,0.01998,0.0360775313,0.0212,0.0244,0.029,0.036,0.03773,0.043,0.0450505996,0.0472160253,-0.0039490011,0.0605633426,0.046
"98",0.03,0.03479,0.02111,0.023,0.023,0.026,0.0218,0.026,0.020318009835,0.071,0.02202,0.015,0.033,0.03237,0.027,0.0281910194,0.028,0.033,0.02288,0.02275,0.027,0.02697,0.03625,0.029,0.02201,0.0147827215,0.02235,0.031,0.045,0.026,0.02217,0.02382,0.036,0.017192,0.02464,0.031,0.027,0.02161,0.024,0.0258012859071,0.033,0.02621,0.02398,0.0272,0.0199606336861,0.031656,0.01868,0.0274537978,0.02096,0.024296,0.032,0.027,0.03114,0.032,0.025474167888,0.031656,-0.0123584457,0.0247412452,0.036
