"","1","2","4","5","6","7","10","14","15","16","20","22","23","24","26","29","30","31","32","33","36","37","38","39","41","42","47","48","49","52","54","56","59","61","63","68","82","85","88","89","90","91","92","93","94","95","96","97","98","99","101","102","103","107","108","110","112"
"1",0.022,0.023,0.025,0.02,0.024,0.016,0.016,0.023,0.020585,0.02,0.019,0.01937,0.019,0.021,0.02,0.02,0.02187,0.022,0.022,0.02,0.018,0.025,0.02,0.024,0.02077,0.01943,0.02,0.02059,0.02106,0.025,0.02141,0.019,0.022,0.02,0.022,0.02,0.01775,0.021,0.02,0.021,0.02,0.025,0.025,0.020680762917,0.018,0.019,0.02023,0.0209,0.01957,0.02102,0.01886,0.015071649071,0.01869,0.020971398503,0.0216182945426,0.0165992939062,0.02535
"2",0.023,0.025,0.031,0.02,0.02481,0.019,0.0239389206492,0.025,0.021565,0.027,0.018,0.02012,0.024,0.026,0.024,0.025,0.023274,0.022,0.024,0.017,0.019,0.025,0.018,0.024,0.023,0.02,0.02,0.025,0.02403,0.02167,0.025,0.022,0.023,0.024,0.02042,0.020612,0.01903,0.019,0.024,0.019,0.02,0.02244,0.0196,0.021040762917,0.024,0.021,0.02046,0.022,0.02081,0.023508,0.01983,0.014875649071,0.01897,0.0209895205526,0.0258888517636,0.016125,0.02578
"3",0.023,0.02547,0.02742,0.033,0.02544,0.023,0.025,0.027,0.0236,0.027,0.022,0.0209,0.025,0.0239483343546,0.021,0.023,0.025472,0.026,0.024,0.023,0.022,0.022,0.022,0.027,0.026,0.024,0.02152,0.026,0.02544,0.025,0.03,0.023,0.023,0.02401,0.02207,0.0236438,0.02261,0.023,0.024,0.0236817458676,0.025,0.026,0.025756,0.023,0.024,0.024,0.02062,0.02294,0.0212,0.026402,0.02137,0.0145001192568,0.01973,0.022152582226,0.0290102311377,0.014149,0.02938
"4",0.028,0.028,0.032,0.028,0.0306,0.03,0.0294505503936,0.028,0.0267,0.034,0.02775,0.02386,0.031,0.033,0.032,0.02851,0.031,0.029,0.027,0.027,0.024,0.028,0.024,0.029,0.029,0.032,0.029,0.02804,0.028,0.029,0.027,0.03007,0.028,0.028,0.02434,0.0278736,0.02549,0.025,0.028,0.025,0.026,0.026,0.0273,0.02666,0.029,0.028,0.02574,0.0251,0.02749,0.031264,0.02687,0.0156127086994,0.02014,0.0267896846699,0.0454038974659,0.0133932050056,0.0367
"5",0.03,0.03,0.034,0.029,0.03277,0.031,0.0323086744823,0.03,0.028,0.029,0.03187,0.02745,0.032,0.034,0.031,0.031,0.031,0.02883,0.028,0.027,0.029,0.032,0.03,0.031,0.03,0.03,0.03,0.037,0.031,0.02847,0.035,0.03087,0.0303,0.03,0.0257,0.0322242,0.027,0.022,0.0311261613043,0.029,0.03,0.031,0.0282,0.02977,0.031,0.033,0.0296,0.02494,0.02895,0.03557,0.02586,0.0152027086994,0.02022,0.0279219555036,0.0525674815059,0.013552,0.04131
"6",0.032,0.032,0.035,0.025,0.03474,0.039,0.036,0.03,0.028,0.03,0.033,0.037,0.032,0.036,0.037,0.03595,0.037352,0.03,0.031,0.03,0.029,0.031,0.032,0.036,0.032,0.033,0.03193,0.036,0.036607,0.02869,0.03363,0.029,0.032,0.03,0.02946,0.0399132,0.02853,0.036,0.0357861613043,0.028,0.033,0.03285,0.0318,0.033,0.03,0.034,0.033,0.03004,0.0361,0.041417,0.03217,0.0179231788852,0.02014,0.0346743579766,0.0581751011859,0.013117,0.04611
"7",0.037,0.03383,0.039,0.031,0.03768,0.035,0.035,0.033,0.03,0.0313899999999999,0.036,0.033,0.036,0.0413299580458,0.037,0.03,0.0399560000000001,0.034,0.03,0.03,0.028,0.034,0.037085686919,0.034,0.033,0.03044,0.0334,0.035,0.044085,0.02856,0.038,0.034,0.033,0.03132,0.03256,0.045156,0.03009,0.03,0.03904,0.037,0.035,0.03586,0.030083,0.035,0.034,0.033,0.031,0.03235,0.03685,0.046611,0.03613,0.0215231788852,0.02014,0.0398999972632,0.0581751011859,0.013087,0.05015
"8",0.03,0.03,0.035,0.027,0.033,0.032,0.032,0.027,0.03,0.029,0.031,0.029,0.03,0.036,0.033,0.029,0.035298,0.029,0.029,0.028,0.03,0.032,0.029,0.033,0.034,0.027,0.0304,0.029,0.034787,0.03,0.035,0.03,0.031,0.025,0.0288,0.037408,0.02801,0.025,0.0338923226086,0.032,0.035,0.028,0.0307,0.028,0.034,0.033,0.029,0.03012,0.03289,0.038318,0.03011,0.0175427086994,0.02014,0.0335350212513,0.0535673997859,0.0131032050056,0.04408
"9",0.026,0.025,0.027,0.027,0.02766,0.024,0.028,0.025,0.027,0.029,0.025,0.023,0.026,0.031,0.027,0.029,0.027998,0.028,0.025,0.026,0.029,0.031,0.027,0.026,0.03,0.025,0.02493,0.026,0.025,0.02604,0.027,0.028,0.024,0.025,0.02263,0.028,0.024,0.021,0.0260484839129,0.03,0.028,0.032,0.0268,0.028,0.026,0.027,0.023,0.02326,0.02249,0.028599,0.02315,0.014673649071,0.02018,0.0223445572885,0.0380012511459,0.013417,0.0319
"10",0.025,0.024,0.023,0.021,0.02491,0.022,0.027,0.018,0.025,0.0238,0.02314,0.018,0.025,0.024,0.024,0.025,0.024806,0.022,0.023,0.026,0.029,0.028,0.02,0.023,0.025,0.025,0.0205,0.021,0.021,0.018,0.027,0.025,0.021,0.028,0.02131,0.0220468,0.02099,0.022,0.0239168356516,0.026,0.028,0.021,0.0278,0.022,0.011,0.0228532334274,0.02,0.02301,0.02169,0.027096,0.02015,0.014435649071,0.01945,0.021612463866,0.0265621582754,0.013429,0.02809
"11",0.012,0.02311,0.02153,0.014,0.02221,0.015,0.0209559556706,0.01,0.022,0.01912,0.02005,0.012,0.018,0.015,0.014,0.025,0.02244,0.019,0.02,0.023,0.023,0.018,0.0187338,0.02,0.024,0.019,0.018,0.01948,0.017,0.01906,0.023,0.023,0.02,0.02,0.02028,0.02,0.01784,0.023,0.0210163291301,0.025,0.022,0.02,0.029,0.015,0.02,0.023,0.017,0.0207,0.02064,0.025163,0.01851,0.0150545894426,0.01877,0.0216904620923,0.0228038633761,0.01584,0.02507
"12",0.012,0.015,0.013,0.008,0.01285,0.0138573208832,0.01,0.01286,0.0175,0.01304,0.01273,0.009,0.00942000000000001,0.004,0.01,0.013,0.012936,0.011,0.018,0.019,0.02,0.01,0.01169,0.009,0.014,0.007,0.006,0.015,0.01112,0.01221,0.015,0.014591668973,0.01235,0.008,0.008,0.012,0.0101115221707,0.02,0.01320805,0.014,0.025,0.02,0.026,0.005,0.01,0.01,0.012,0.0128526056556,0.01228,0.015009,0.012298611908,0.0134327086994,0.013899884812,0.012815308358,0.0139913317204,0.0128931446202,0.01496
"13",0.012,0.02,0.014,0.01869,0.01639,0.015,0.0178998331955,0.018,0.021,0.014,0.022,0.006,0.01616,0.0145185477012,0.009,0.011,0.017179,0.011,0.018,0.022,0.022,0.013,0.014198,0.015,0.014,0.016,0.01,0.021,0.01682,0.01,0.012,0.019,0.016,0.013,0.031,0.0205748,0.01332,0.016,0.01746105,0.017,0.014,0.014,0.032,0.02,0.024,0.015,0.013,0.0176382688279,0.01558,0.022653,0.01895,0.0141950596284,0.01667,0.0184603709745,0.0194066265771,0.0136646363572,0.01941
"14",0.025,0.022,0.027,0.018,0.02542,0.032,0.0258175415116,0.03,0.022,0.023,0.02357,0.013,0.02484,0.022,0.03,0.026,0.02367,0.023,0.029,0.023,0.022,0.02,0.0213208144962,0.03,0.021,0.026,0.019,0.02,0.022,0.022,0.022,0.026,0.02418,0.02351,0.027,0.024,0.02052,0.022,0.0232771356516,0.022,0.025,0.02336,0.029,0.025,0.025,0.019,0.013,0.02326,0.02226,0.028163,0.02049,0.0143342385136,0.01974,0.0226659982266,0.0284696710636,0.0140412050056,0.0298
"15",0.02512,0.025,0.032,0.022,0.02654,0.0278035099191,0.0288508827,0.03,0.025,0.02668,0.02447,0.015,0.02603,0.023,0.027,0.027,0.025,0.027,0.034,0.011,0.017,0.028,0.0225510144962,0.026,0.028,0.026,0.02,0.024,0.026997,0.029,0.022,0.032,0.032,0.027,0.02188,0.0264606,0.02192,0.02,0.0275193613043,0.025,0.024,0.02,0.021,0.02,0.029,0.02,0.02171,0.02387,0.02672,0.027204,0.02284,0.0163117683278,0.01988,0.0235816749286,0.0329894369577,0.0147244100112,0.03404
"16",0.014,0.012,0.014,0.024,0.01657,0.019,0.017,0.018,0.02,0.011,0.018,0.014,0.01553,0.015,0.0015,0.013,0.016952,0.015,0.019,0.019,0.015,0.014,0.0149518,0.0161142787608,0.017,0.017,0.013,0.016,0.017,0.016,0.007,0.02,0.015,0.013,0.01711,0.025,0.01403,0.016,0.0171359,0.019,0.02,0.016,0.024,0.02,0.02,0.02,0.015,0.0155456002822,0.01564,0.01708,0.01552,0.014705649071,0.016464980802,0.0172947665269,0.0151540455789,0.0149598207806,0.01778
"17",0.014,0.01812,0.016,0.018,0.01551,0.016,0.0186018769,0.015,0.0225,0.012,0.015,0.011,0.012,0.016,0.006,0.01384,0.015214,0.014,0.015,0.018,0.018,0.018,0.0139508,0.011,0.015,0.011,0.013,0.01656,0.01592,0.013,0.014,0.015,0.014,0.015,0.01538,0.016,0.01248,0.012,0.0155564,0.017,0.016,0.02,0.0185,0.018,0.017,0.015,0.012,0.0153256670491,0.0151,0.01604,0.01479,0.014253649071,0.016184980802,0.0162749551665,0.015677784811,0.0145240345668,0.01721
"18",0.01311,0.01602,0.009,0.015,0.01313,0.014,0.013172682984,0.012,0.015885,0.014,0.008,0.008,0.012,0.017,0.0075,0.011,0.01208,0.008,0.012,0.017,0.01297,0.016,0.01183867458,0.0124518967816,0.012,0.0124625,0.009,0.01,0.01179,0.011,0.015,0.012,0.019,0.01203,0.017,0.018,0.012,0.011,0.01401,0.014,0.013,0.01,0.021,0.01,0.0198,0.012,0.017,0.0129265376558,0.01317,0.01357,0.01388,0.0120575298142,0.015399884812,0.0139947704965,0.0107758097177,0.0109892750869,0.01606
"19",0.0111,0.01,0.01231,0.01337,0.01187,0.0131026278236,0.021149605,0.007,0.015,0.006,0.022,0.01138,0.022,0.016,0.008,0.01,0.012216,0.01063,0.008,0.01,0.012,0.01,0.01032922374,0.009,0.008,0.01485,0.008,0.01293,0.01298,0.006,0.02,0.012,0.009,0.01293,0.015,0.011833,0.006,0.008,0.01398465,0.021,0.01,0.018,0.012,0.01,0.015,0.013,0.01,0.0134015366866,0.01096,0.0131,0.0131271246688,0.0103370596284,0.015869923208,0.013070274409,0.0083664011859,0.0107257925592,0.01552
"20",0.015,0.01853,0.015,0.018,0.01618,0.01,0.0207994889,0.012,0.0175,0.015,0.013,0.017,0.017,0.018,0.015,0.015,0.017056,0.016,0.016,0.015,0.01,0.015,0.013,0.011,0.014,0.016,0.013,0.014,0.023,0.014,0.015,0.013,0.021,0.014,0.01569,0.02,0.013,0.015,0.023,0.018,0.016,0.018,0.019,0.015,0.02,0.019,0.015,0.01611,0.01571,0.01726,0.01613,0.0135470596284,0.01699,0.0180939948689,0.0147661921049,0.0149514260284,0.01879
"21",0.015,0.022,0.021,0.0198875,0.02183,0.022,0.0211270432828,0.018,0.0225,0.018,0.02,0.016,0.02,0.018,0.019,0.018,0.022,0.02,0.021,0.01876,0.02139,0.01961,0.02,0.017,0.021,0.02,0.016,0.01926,0.03,0.01775,0.02,0.016,0.02,0.021,0.02,0.022,0.018,0.019,0.024,0.017,0.019,0.018,0.019,0.017,0.023,0.021,0.02,0.018,0.01895,0.02048,0.01759,0.0140635298142,0.01823,0.0201710768818,0.0229470781039,0.0171042939062,0.02372
"22",0.018,0.025,0.021,0.025,0.0204,0.02,0.0208423702,0.018,0.025,0.018,0.013,0.017,0.021,0.018,0.02,0.019,0.021258,0.015,0.021,0.018,0.024,0.02,0.015,0.018,0.017,0.02,0.015,0.017,0.02291,0.014,0.019,0.017,0.02,0.026,0.024,0.024,0.016,0.022,0.025,0.021,0.018,0.015,0.0203,0.02,0.018,0.019,0.019,0.017,0.01895,0.01956,0.01775,0.0154721192568,0.01851,0.0199090783731,0.0220385750203,0.0170035878124,0.02374
"23",0.02003,0.02434,0.022,0.02038,0.02218,0.022,0.0217304386317,0.022,0.023,0.012,0.025,0.021,0.023,0.022,0.019,0.023,0.022472,0.017,0.022,0.018,0.02,0.021,0.021,0.017,0.02,0.02,0.013,0.021,0.025,0.02,0.025,0.019,0.01946,0.02147,0.01881,0.020616,0.017,0.02,0.023,0.021,0.02,0.017,0.013,0.02,0.024,0.022,0.023,0.019,0.021,0.021,0.0182,0.0145250596284,0.01858,0.0205325133177,0.0222563214791,0.016965,0.02413
"24",0.02,0.025,0.024,0.024,0.02166,0.015,0.0194321895,0.02,0.023,0.012,0.017,0.019,0.017,0.02,0.022,0.025,0.021798,0.019,0.018,0.02,0.02212,0.018,0.016,0.018,0.021,0.019,0.013,0.022,0.0207,0.021,0.02,0.019,0.019,0.025,0.017,0.022,0.015,0.02,0.0204790613043,0.02,0.02,0.012,0.022,0.02,0.022,0.022,0.023,0.019,0.017,0.018,0.0178,0.014178,0.01859,0.0196618441844,0.0235859650951,0.018283,0.02248
"25",0.01765,0.02223,0.021,0.018,0.0187,0.018,0.0165396739,0.018,0.02,0.018,0.02,0.02,0.019,0.02,0.019,0.022,0.01833,0.017,0.016,0.017,0.024,0.022,0.018,0.019,0.018,0.015,0.014,0.01851,0.015,0.021,0.019,0.016,0.015,0.018,0.017,0.022,0.013,0.02,0.018,0.019,0.017,0.02,0.021,0.018,0.022,0.017,0.02,0.018,0.01737,0.02,0.01704,0.0146051788852,0.0182,0.0197767303324,0.0209406708121,0.016066469531,0.02014
"26",0.019,0.024,0.021,0.018,0.01986,0.019,0.0183739741386,0.018,0.0175,0.016,0.015,0.02,0.018,0.018,0.021,0.01961,0.017,0.017,0.016,0.018,0.021,0.023,0.018,0.019,0.019,0.018,0.017,0.019,0.01829,0.022,0.023,0.018,0.017,0.01954,0.021,0.021,0.015,0.023,0.02,0.02,0.018,0.01885,0.017,0.019,0.01936995,0.016,0.022,0.018,0.017,0.019,0.01804,0.0148807086994,0.0184,0.0204714515164,0.0197275138856,0.0162985878124,0.02147
"27",0.019,0.01939,0.01573,0.018,0.01637,0.0170378573995,0.0162737912087,0.016,0.01678,0.018,0.017,0.01509,0.014,0.013,0.018,0.0151,0.015,0.013,0.013,0.015,0.01849,0.018,0.017,0.016,0.016,0.015117,0.011,0.02,0.01586,0.013,0.022,0.016056675892,0.017,0.01558,0.018,0.01787,0.009,0.019,0.01640735,0.018,0.018,0.01665,0.023,0.0163406043392,0.016,0.013,0.016,0.013,0.019,0.01641,0.01531,0.0143495298142,0.01659,0.017541093441,0.0172882245924,0.0142781310969,0.01823
"28",0.01626,0.01874,0.019,0.019,0.01682,0.021,0.0163679203875,0.014,0.016,0.015,0.018,0.016,0.01518,0.011,0.019,0.01539,0.018,0.014,0.016874,0.016,0.021,0.022,0.014,0.018,0.016,0.015,0.013,0.01688,0.017,0.014,0.018,0.019,0.014,0.016,0.019,0.019,0.0125715221707,0.019,0.015,0.017,0.018,0.01683,0.016,0.014,0.016,0.013,0.015,0.017,0.01624,0.017,0.0155,0.0141730596284,0.01678,0.0179139499993,0.0168679663721,0.015801123038,0.01789
"29",0.02,0.022,0.022,0.018,0.02094,0.023,0.0184664539,0.022,0.017,0.017,0.022,0.021,0.017,0.016,0.02,0.021,0.019,0.019,0.023,0.02,0.025,0.019,0.017,0.021,0.018,0.017,0.017,0.01966,0.0195,0.02,0.02,0.019,0.017,0.022,0.016,0.019,0.018,0.019,0.015,0.018,0.018,0.02,0.02026307192,0.018,0.019,0.02,0.018,0.019,0.01832,0.021,0.01758,0.0148930596284,0.01836,0.0202852195419,0.0211840697098,0.0181767717884,0.02142
"30",0.021,0.023,0.025,0.02,0.02333,0.026,0.02599296027,0.024,0.017,0.017,0.02,0.023,0.022,0.021,0.026,0.023,0.0228,0.024,0.022976,0.022,0.024,0.022,0.021,0.023,0.019,0.02,0.023,0.02188,0.02332,0.02107,0.022,0.021,0.022,0.024,0.021,0.023,0.019,0.022,0.023,0.019,0.02,0.021,0.021,0.018,0.02,0.023,0.019,0.021,0.0202,0.0219,0.01934,0.0143181192568,0.01923,0.0209508433965,0.0221293897967,0.017505,0.02508
"31",0.02103,0.02422,0.021,0.02,0.02284,0.0216855889581,0.02447299147,0.02098,0.0175,0.017,0.022,0.02,0.022,0.019,0.023,0.021,0.023,0.021,0.02149,0.018,0.02348,0.021,0.018,0.023,0.02,0.01963,0.019,0.02062,0.02256,0.01918,0.017,0.022,0.016,0.023,0.013,0.020189,0.015,0.024,0.02119145,0.021,0.01979,0.022,0.02,0.017,0.02,0.022,0.022,0.023,0.01964,0.02,0.01837,0.0144645894426,0.01882,0.0204363109416,0.0215140550486,0.01856,0.02392
"32",0.021,0.025,0.019,0.02,0.02261,0.023,0.0200290457,0.02137,0.0225,0.017,0.02,0.019,0.018,0.014,0.022,0.02166,0.02,0.02007,0.02,0.026,0.027,0.021,0.017,0.022,0.021,0.01911,0.015,0.021,0.0217,0.018,0.017,0.019,0.018,0.023,0.021,0.02,0.016,0.021,0.019,0.018,0.019598,0.024,0.021,0.02,0.023,0.02,0.022,0.021,0.019,0.02,0.01849,0.0141510596284,0.0184,0.0207417440083,0.0241925924767,0.0173015878124,0.02355
"33",0.019,0.025,0.023,0.018,0.02266,0.02,0.024,0.025,0.0225,0.018,0.023,0.018,0.016,0.017,0.022,0.0214,0.022,0.02,0.024,0.022,0.027,0.021,0.02,0.022,0.02014,0.02,0.014,0.021,0.02216,0.016,0.018,0.019,0.02,0.018,0.019,0.021,0.014,0.0206140360829,0.019,0.02,0.021,0.024,0.021,0.02,0.024,0.019,0.02154,0.023,0.019,0.023,0.0189,0.0139961192568,0.01897,0.0208765117434,0.0239442079367,0.0161592939062,0.02477
"34",0.025,0.028,0.023,0.02,0.02387,0.02,0.0242459776,0.02201,0.0225,0.02,0.024,0.021,0.016,0.018,0.02,0.02292,0.021,0.024,0.022515,0.026,0.027,0.021,0.02,0.021,0.021,0.021,0.017,0.024,0.02383,0.018,0.023,0.019,0.021,0.018,0.01942,0.021,0.017,0.0212447314358,0.029,0.0211275830868,0.021,0.0223,0.022,0.019,0.023,0.019,0.022,0.022,0.019,0.023,0.01906,0.0137315298142,0.01913,0.0211663169872,0.0250955212167,0.015478,0.02651
"35",0.0236,0.02486,0.024,0.02389,0.02461,0.025,0.02451477826,0.023,0.022,0.023,0.026,0.02,0.022,0.019,0.022,0.02393,0.028,0.02368,0.023727,0.02378,0.025,0.021,0.022,0.02412,0.022,0.025,0.023,0.026,0.02522,0.023,0.017,0.023,0.024,0.024,0.02052,0.02308,0.025,0.0217282916013,0.025,0.023,0.022,0.03,0.024,0.024,0.024,0.024,0.024,0.024,0.02,0.025,0.02,0.0142365894426,0.01966,0.0215546757959,0.0261862367636,0.014508,0.02735
"36",0.025,0.027,0.021,0.024,0.02292,0.027,0.02218345505,0.018,0.023,0.023,0.023,0.019,0.019,0.018,0.009,0.022,0.023014,0.021,0.02,0.02077,0.02276,0.025,0.018,0.021,0.02,0.021,0.026,0.027,0.02215,0.018,0.019,0.02105,0.017,0.019,0.017,0.024,0.019,0.019,0.0218284839129,0.021,0.02,0.02282,0.021,0.023,0.019,0.022,0.021,0.026,0.022,0.021,0.019,0.0143571788852,0.019,0.0207026389327,0.0228517235767,0.0159982050056,0.02601
"37",0.017,0.025,0.017,0.022,0.01732,0.015,0.0179979286054,0.014,0.02,0.02,0.017,0.017,0.014,0.0165566414401,0.009,0.021,0.02,0.022,0.016,0.021,0.021,0.01821,0.016,0.02,0.017,0.015,0.015,0.026,0.01796,0.011,0.014,0.018,0.016,0.015,0.014,0.019075,0.014,0.0180036767925,0.02,0.02,0.017,0.01837,0.020966889706,0.015,0.015,0.019,0.017,0.015,0.016,0.018,0.01681,0.0146741192568,0.01819,0.0189424029005,0.0183357858807,0.0165071756248,0.01936
"38",0.017,0.021,0.015,0.0149275,0.01391,0.01,0.012,0.012,0.0175,0.012,0.01425,0.012,0.012,0.019,0.006,0.015,0.014,0.01196,0.014,0.018,0.01452,0.016,0.011,0.012,0.014,0.012,0.012,0.018,0.013,0.009,0.019,0.01278,0.01,0.014,0.011,0.014751,0.011,0.0124734488082,0.014,0.014,0.012,0.014683,0.0161320469111,0.0141515835212,0.009,0.014,0.008,0.014,0.01402,0.017,0.014,0.008,0.018,0.012,0.011,0.0116574174742,0.01645
"39",0.01085,0.01321,0.00768000000000001,0.014,0.00950000000000001,0.005,0.011,0.008,0.012,0.008,0.007,0.01015,0.009,0.007,0.001,0.014,0.008504,0.01,0.01,0.016,0.01092,0.014,0.008,0.009701916734,0.012,0.008,0.006,0.022,0.00757000000000001,0.007,0.007,0.011,0.003,0.012,0.005,0.00982500000000001,0.008,0.00933068411800001,0.007,0.013,0.005,0.008785,0.0101277975147,0.00906726392020001,0.002,0.011,0.004,0.006,0.011,0.01136,0.009,-0.004,0.01,0.00887255536,0.005,0.0069564354867,0.01179
"40",-0.002,0.004,0,0.005,0.00344,-0.007,0.003,-0.003,0.005,0,-0.002,-0.001,0,0,0.004,0.006,-0.00088,0.002,-0.002,0.00218,0.004,-0.00058,-0.005,0.004,0.002,-0.003,0.002,0.007,-0.00044,-0.005,0,0.003,-0.002,0.00124,0.00094,0.01,0.002,0.000820142292600001,0,0,-0.001,-0.003295,0.0036533553312,0.004,-0.01,-0.001,-0.009,-0.00101,0,0.00226,0.0010563857392,0.002076,0.006,0.00797703315,0.012618,0.0008567490256,0.00389
"41",-0.023,-0.025,-0.015,-0.02,-0.00973000000000001,-0.027,-0.0195,-0.038,-0.0025,-0.023,-0.019,-0.02,-0.029,-0.025,-0.035,0.001,-0.0017,0.01047,-0.031,0,-0.008,-0.027,-0.023,-0.018,-0.016,-0.021,-0.011,-0.004,-0.00494,-0.029,-0.00946000000000001,-0.008,0.00185,-0.00608,-0.01702,-0.008,-0.023,-0.013,-0.022,-0.005,-0.019,-0.016,0.0027859339219,-0.012,-0.031,-0.023,-0.024,-0.029,-0.02,-0.017,0,-0.007534,-0.015,-0.00475331578,-0.016,0.005031486989,-0.01118
"42",-0.02,-0.00863000000000001,-0.015,-0.025,-0.00861,-0.039,-0.0311182052,-0.043,-0.026,-0.03,-0.028,-0.021,-0.038,0.005,-0.048,0.002,-0.001646,0.01,-0.003,0,-0.01128,-0.023,-0.025,-0.02,-0.02,-0.02,-0.016,-0.00451,-0.00456,-0.03,-0.018,-0.017,0.00176,-0.00674,-0.01556,-0.00586,-0.02,-0.02,-0.018,-0.00613,-0.021,-0.010502,0.0027998278678,-0.024,-0.023,-0.018,-0.025,-0.01771,-0.028,-0.01814,-0.004,-0.019,-0.003,-0.018,-0.014732,0.00546443748,-0.01061
"43",-0.002,0.00823000000000001,-0.00095,-0.00424,0.00134,-0.014,-0.001981653859,0.001,-0.01,-0.008,-0.01,-0.003,-0.002,-0.00443898137,-0.000884999999999999,0.003,-0.000952,0.015,-0.003699,-0.003,0.00843000000000001,0.004,-0.012,-0.006,-0.007,-0.002,0.003,-0.012,-0.00251,-0.002,-0.003,-0.00374,0.00252,-0.00135,0.008,-0.000950000000000001,-0.004,-0.006,-0.002,-0.009,-0.013,-0.006138,0.0035199846836,-0.001,-0.01,-0.0022,-0.003,0.001,-0.02,0.005,0.01,0.00308,0.018,-0.00476,-0.009,0.0023223538639,-0.000349999999999999
"44",0.002,0.0143,0.026,0.012,0.01228,0.01,0.018623,0.01,0.01,0.008,0.011,0.01,0.018,0.0105853679926,0.00838,0.008,0.01238,0.005,0.011933,0.015,0.01107,0.009,0.009,0.011,0.009,0.014,0.00733700000000001,0.01,0.013,0.011,0.01,0.01223,0.018,0.003,0.012,0.004,0.008,0.009582215678,0.017,0.007,0.006,0.01,0.0143878048794,0.0110906587973,0.002,0.01862486038,0.014,0.021,0.006,0.018,0.024,0.01,0.025,0.008456,0.003,0.00958236755650001,0.0164
"45",0.01,0.015,0.018,0.01359,0.01267,0.014,0.017504,0.01,0.01,0.01,0.011,0.015,0.016,0.013,0.002,0.009,0.012796,0.009,0.01371,0.01,0.013,0.011,0.01,0.009,0.013,0.016,0.004,0.002,0.01369,0.014,0.011,0.01,0.015,0.01251,0.01343,0.011,0.013,0.004,0.014,0.012,0.007,0.013604,0.0149326033523,0.0124704237207,0.01,0.016092,0.013,0.024,0.01,0.019,0.02,0.011,0.01769490401,0.02195972238,0,0.0099832779342,0.01621
"46",0.015,0.015,0.019,0.018,0.01494,0.014,0.0193344,0.013,0.013,0.013,0.01531,0.013,0.01583,0.009,0.01184,0.017,0.01525,0.022,0.015295,0.01588,0.016,0.012,0.01,0.013,0.014,0.014,0.009,0.011,0.01571,0.01,0.013,0.012,0.016,0.017,0.01409,0.014,0.017,0.0129316674339,0.0156074113043,0.014,0.007,0.016017,0.0167829616499,0.0151822959929,0.01,0.016092,0.016,0.025,0.015,0.019,0.015,0.01,0.01733,0.016939,0.012731,0.0107041818109,0.01775
"47",0.01243,0.01742,0.021,0.014,0.01445,0.008,0.006,0.015,0.015,0.016,0.017,0.012,0.016,0.01,0.011795,0.015,0.012,0.01,0.013929,0.01,0.01,0.015,0.012,0.017,0.014,0.0136755,0.006,0.013,0.0133,0.012,0.014,0.0124008344865,0.01575,0.01443,0.0133,0.01297,0.01195,0.009,0.016,0.016,0.005,0.012989,0.0163242755199,0.0144046351892,0.007,0.016434,0.016,0.017,0.016,0.02,0.015,0.012,0.022,0.017227,0.007,0.0108717747204,0.01725
"48",0.01,0.02,0.013,0.02,0.01366,0.014,0.014371419082,0.02,0.015,0.015,0.018,0.012,0.013,0.013,0.021,0.014,0.012,0.008,0.012562,0.014,0.01581,0.017,0.019,0.016,0.014,0.014,0.007,0.016,0.0129,0.011,0.021,0.01,0.0146,0.01349,0.01559,0.013,0.011,0.011,0.01459785,0.014,0.012528,0.013349,0.0154092950746,0.0132804773951,0.01,0.0135680426,0.012,0.01,0.013,0.011,0.013,0.011,0.016,0.0162900257,0.00504634,0.012,0.01734
"49",0.01394,0.01643,0.014,0.016,0.01519,0.011,0.0132954424065,0.013,0.015,0.015,0.019,0.014,0.015,0.009,0.02,0.013,0.012,0.016,0.01,0.021,0.021,0.012,0.012,0.016,0.014,0.015,0.008,0.015,0.01376,0.015,0.01575,0.013,0.016,0.01499,0.01479,0.016805,0.0116115221707,0.015,0.014,0.014,0.018,0.014889,0.0181397313753,0.0145498991094,0.011,0.0139722052,0.015,0.014,0.014,0.013,0.016,0.013,0.014,0.01579426048,0.013383113839,0.012,0.01678
"50",0.01565,0.019,0.016,0.017,0.01654,0.014,0.0174861484997,0.012,0.016,0.015,0.019,0.017,0.017,0.011,0.012,0.017,0.01665,0.016,0.01711,0.017,0.01591,0.015,0.01486,0.018,0.016,0.015,0.015,0.013,0.021,0.016,0.017,0.01708344865,0.01619,0.01705,0.01624,0.017511,0.013,0.0178786269228,0.017,0.014,0.017,0.01694,0.0186943515612,0.0175918950966,0.015,0.01881353333,0.019,0.017,0.017,0.016,0.015,0.0126,0.01669,0.01815375131,0.01597849,0.017,0.01811
"51",0.01468,0.01831,0.017,0.023,0.016,0.012,0.015939736304,0.012,0.016,0.016,0.018,0.01403,0.016,0.013,0.01,0.019,0.017,0.01,0.016268,0.019,0.01484,0.011,0.014,0.014354,0.017,0.014,0.013,0.013,0.016,0.014,0.02,0.014,0.01548,0.01481,0.01436,0.0174,0.013,0.013,0.016,0.017,0.015128,0.016028,0.0189943167732,0.015614165036,0.007,0.0196825,0.017,0.0157600667669,0.015,0.01667,0.014,0.014,0.01689,0.01274300783,0.0104,0.014,0.018
"52",0.01027,0.02,0.002,0.012,0.01,0.009,0.007207700869,-0.003,0.009,0.006,0.01,0.008,0,0,0.002,0.008,0.001,0.012,0.003,0.005,0.009,0.005,0.001,0.005,0.011,0.003,0.007,0.008,0.0057,0.005,0.005,0.011,0.00769,0.00702000000000001,0.00693,0.00791000000000001,0.003,0.008,0.00866145000000001,0.01,0.004,0.01,0.011,0.005968,0.003,0.00858,0.01,0.00545,0.006,0.00926000000000001,0.012,0.011,0.014084827218,0.00651508962,0.00979642,0.006,0.019
"53",0.009,0.012,-0.003,-0.008,0.001,-0.01,0.001394845684,-0.002,0.003,0.011,0.003,0,-0.007,-7e-04,0.001015,0.012,-0.000369999999999999,0.008,-0.0025,0.005,0.014,-0.001,-0.003,-0.001,-0.005,-0.001293,-0.001,-0.002,-0.00165,0.006,0.004,9.99999999999942e-06,0.00227,0.00118,-0.000339999999999999,0.00038,-0.014,-0.0071,-0.005,-0.005,0.000454,-0.002329,0.006,0.001178,-0.007,-2.17e-05,0.009,-0.0006561328283,0.002,-0.004,-0.0003399504264,-0.003,0.006,0.004,0.01118923612,0,0
"54",0.017,0.01,-0.003,0.00083,0.002,0,0.002900763892,0.00513,0.003,0.011,0.001,0.002,-0.002,0.001,0.004,0.002,0.001,0.001,0.000779,0,0.00964000000000001,0.002,0,-0.005,0.008,0.002,0,0.00178,-0.006,0.005,0.001,0.00449,0.00292,0.00286,0.00067,0.00178,-0.004,-4e-04,0.001,0.001,0.000632,-0.001669,0.005,0.001198,-0.007,0.00131166667,0.00425,9.00000000000003e-05,0.006,0.001,4.01084959999975e-06,-0.0024,0.01,0.00398694585,0.00543288363,0,0.008
"55",0.00627,0.00907000000000001,-6.99999999999997e-05,0.00349,0.005,-0.002,0.00273216184,-0.00235,0.002,0,-0.001,0,-0.001,0.001,0.0025,0.01,-0.006,0.00689,0.000334,0.002,0.016,0.002,-0.002,-0.002,-0.00036,-0.0020015,-0.0016,0.001,-0.00013,-0.002,0.001,0.002,0.00207,0.00193,0.00175,0.00196,-0.00241,-0.00148657486,-0.002,-0.004,-0.004602,-0.003225,0.000817,0.003,-0.001,0.001765,-0.003,-0.00056,0.001,0.00274,0,0.000914000000000001,0.009,0.00324671814,0.00800191,-0.003,0.012
"56",0.00865000000000001,0.011,0.001,0.008,0.004,-0.002,0.002793399788,0.00579,0.002,0,0.007,-0.001,0.001,0.003,0.007,0,0.002,0.005,0.000215999999999999,-0.002,0.00887000000000001,0.001,-0.003,-0.005,0.00047,-0.002,-4e-04,-0.002,-0.000789999999999999,0.002,0.00186,0.006,0.00308,0.00185,0.00334,0.00121,-0.005,-1.70568e-05,-0.002,0,-0.001774,-0.002747,-0.00053959525,0.00209,-0.004,-0.0009925,0.012,-7e-04,0.002,0.00258,0.0007401487208,0.002184,0.008,0.00679513793,0.00277737,-0.004,0.002
"57",0.00399,0.008,0.006,0.00178,0.001,-0.003,0.002247217736,0.00607,0.001,0,-0.002,0,0.001,-0.002,0.004,0.00282,0.005,0.01,-0.0015,0.005,0.009,-0.005,0.004,-0.003,0.00113,-0.003,-0.005,-0.003,-0.002,0.003,0.000430000000000001,0.00279,0.00233,-8e-04,0.001,-0.00155,-0.002,0.00347184052,0.00099,0.002,-0.000896,-0.009,0.00274995009,0.000706,-0.007,-0.00395805882,-5e-04,-0.00161,0.002,-0.002,-0.0001999008528,0.001846,0.0035,0.0014023417,0.00186523,-0.002,0.009
"58",0.008,0.008,0.005,0.00625,0.005,0.005,0.0055604921,0.00911000000000001,0.002,0.008,0.004,0.003,-0.002,0.00124411625,0.005,-0.003,0.001524,0.007,0.001982,0.0037,0.00754000000000001,0.003,0,0.002,0.00619,0.0014,-0.001,0.003,0.001,0.003,0.004,0.00465,0.00315,0.00329,0.00404,0.005,0.004,0.007,0.006,0.005,0.00515,0.000806999999999999,0.00738939459,0.003066,-0.003,0.00383,0.005,0.00135,0.003,0.00348,0.004,0.001498,0.01,0.00250278728,0.00193139391,0.004,0.008
"59",0.01011,0.01089,0.003,0.00898000000000001,0.005,0.003,0.006431583998,0.018,0.005,0.004,0.00633,0.009,0.005,0.006,0.009,0,0.0037,0.00858000000000001,0.006519,0.00720000000000001,0.005,0.007,0.005,0.0053378885718,0.00769000000000001,0.00408,0.0033,0.00773000000000001,0.005,0.003,0.006,0.015,0.00528,0.00511,0.00546,0.007,0.005,0.00939628755,0.007,0.008,0.006886,0.003,0.004,0.004356,0.003,0.004254248,0.007,0.0053177343434,0.005,0.006,0.00838621288,0.001,0.014,0.0052393101,0.00534343,0.001,0.015
"60",0.006,0.011,0.009,0.014,0.008,0.0087399155002,0.00848426210000001,0.007,0.01,0.013,0.011,0.01,0.005,0.01064268943,0.008,0.007,0.007902,0.012,0.009895,0.012,0.00996000000000001,0.009,0.007,0.009,0.01072,0.00775700000000001,0.006,0.01,0.00741000000000001,0.011,0.004,0.0115508344865,0.01061,0.00829000000000001,0.00808000000000001,0.009,0.008,0.01010334365,0.01043145,0.009,0.00789800000000001,0.007,0.01095228408,0.00800600000000001,0.006,0.0095328609,0.012,0.00978160151510001,0.008,0.009,0.00661874448,0.00916600000000001,0.015,0.00763913912,0.0077231358524,0.007,0.02
"61",0.018,0.01237,0.011,0.01,0.01,0.0114169625012,0.010549005938,0.008,0.016,0.014,0.013,0.011,0.01,0.01112576332,0.011,0.01138,0.008,0.012,0.011562,0.01398,0.01258,0.01,0.011,0.01,0.01159,0.01,0.009,0.011,0.01008,0.011,0.01257,0.0120608344865,0.01218,0.01274,0.01049,0.012,0.009,0.01183290287,0.011,0.01074246316,0.00997200000000001,0.009,0.01039877947,0.0104852639202,0.01,0.01295,0.012,0.0111809373736,0.01,0.01,0.01,0.0062,0.016,0.01398709358,0.00768072,0.004,0.018
"62",0.016,0.011,0.013,0.011,0.012,0.0138765096272,0.012180861184,0.006,0.016,0.02,0.015,0.014,0.011,0.013,0.012,0.01202,0.013,0.005,0.013544,0.01564,0.01371,0.01,0.013,0.014,0.01287,0.0125855,0.011,0.014,0.01161,0.016,0.01483,0.015,0.014,0.01281,0.013,0.016,0.009,0.01365734526,0.013,0.012,0.013594,0.013,0.01527461992,0.0129452134749,0.01,0.01195,0.014,0.0135895361592,0.011,0.01329,0.012,0.0141,0.018,0.01362832573,0.0120318984992,0.013,0.017
"63",0.01403,0.01468,0.015,0.0139975,0.012,0.01660228029,0.012507897199,0.008,0.016,0.015,0.012,0.011,0.011,0.01382065989,0.012,0.012,0.011876,0.01204,0.013193,0.01609,0.013,0.01,0.011,0.012,0.0129,0.012667,0.011,0.016,0.0118,0.017,0.01353,0.0135225034595,0.016,0.01371,0.013,0.016,0.01064,0.01396812136,0.014,0.014,0.009,0.013,0.01096321364,0.013259845435,0.01,0.0153,0.013,0.0130832717355,0.015,0.012,0.0150461874448,0.011798,0.017,0.014814972814,0.01687965879,0.004,0.017
"64",0.011,0.012,0.0081,0.01117,0.008,0.004,0.00969018605,0.008,0.014,0.016,0.01,0.01011,0.008,0.01307839479,0.004,0.008,0.01,0.012,0.011259,0.01262,0.008,0.006,0.005,0.01,0.01196,0.00855550000000001,0.009,0.013,0.004,0.008,0.013,0.0124208344865,0.012,0.012,0.01,0.013,0.01,0.01141618099,0.011,0.014,0.008,0.006,0.01202005855,0.00899326392020001,0.009,0.01144796754,0.0124,0.00960867171700001,0.009,0.01098,0.012,0.009,0.013459865614,0.01220893657,0.0175997,0.011,0.014
"65",0.013,0.012,0.01,0.011,0.015,0.0127,0.010488267538,0.01,0.012,0.008,0.01,0.01,0.008,0.01052447202,0.01003,0.01,0.01063,0.013,0.012642,0.01509,0.013,0.011,0.0102687636562,0.012,0.01256,0.01,0.013,0.015,0.01,0.013,0.013,0.01262,0.01347,0.011,0.01057,0.015,0.011,0.01434545423,0.012,0.015,0.008,0.012212,0.0132194639,0.008,0.009,0.011485,0.013,0.01338671717,0.014,0.01274,0.015,0.016,0.014,0.01603665135,0.012751665045,0.0115114709537,0.014
"66",0.016,0.018,0.015,0.014,0.016,0.0065,0.0172214450847,0.01569,0.013,0.016,0.015,0.01701,0.013,0.01631222902,0.011,0.01535,0.01699,0.016,0.017775,0.01802,0.013,0.015,0.017,0.019,0.01625,0.017,0.02,0.01731,0.018,0.023,0.014,0.0174041724325,0.016,0.016,0.0175,0.018,0.014,0.02132517275,0.018,0.018,0.017396,0.021,0.017591,0.024,0.017,0.018085,0.019,0.0183244664847,0.017,0.018,0.021,0.0146147086994,0.018,0.02110459492,0.014,0.015,0.018
"67",0.01675,0.01872,0.015,0.0165275,0.015,0.0147256980624,0.0167581780385,0.013,0.016,0.016,0.016,0.017,0.014,0.01655080788,0.014625,0.013,0.016,0.016,0.017857,0.01818,0.01707,0.016,0.017,0.018,0.01651,0.017,0.021,0.02,0.019,0.022,0.016,0.0179791793515,0.01647,0.019,0.01701,0.018488,0.014,0.02163558113,0.019,0.019,0.01703,0.019,0.018554305066,0.024,0.017,0.018235,0.02,0.0168783336564,0.018,0.017,0.015,0.0152947086994,0.018,0.0197033807804,0.016853759859,0.016,0.018
"68",0.015,0.02,0.016,0.016175,0.014,0.0149789852152,0.0156963535995,0.027,0.016,0.016,0.018,0.015,0.013,0.01558,0.01532,0.013,0.016678,0.017,0.017138,0.01759,0.013,0.013,0.012,0.017,0.01634,0.018,0.016,0.018,0.019,0.015,0.017,0.0175258414055,0.0162,0.018,0.01659,0.018,0.01413,0.01852,0.01736105,0.0177,0.016673,0.018,0.01925754,0.023,0.017,0.018235,0.02,0.019,0.01654,0.017,0.015,0.016,0.013,0.019803556,0.0163973794664,0.016,0.021
"69",0.018,0.018,0.01619,0.016,0.015,0.0165797109324,0.016793188871,0.01675,0.016,0.018,0.018,0.017,0.013,0.0165,0.015,0.014,0.01789,0.017,0.018,0.0176,0.01681,0.016,0.014,0.017,0.01685,0.01655,0.01561,0.018,0.018,0.016,0.019,0.017570013838,0.0163,0.019,0.016,0.019,0.015,0.01927,0.018145,0.019,0.017248,0.017,0.01915,0.018,0.014,0.018245,0.019,0.0166683336564,0.016,0.016,0.017,0.016,0.018,0.0194576662151,0.0180684430223,0.015,0.021
"70",0.016,0.01815,0.014,0.016,0.013,0.02,0.0169368062535,0.01653,0.016,0.017,0.018,0.01588,0.013,0.01617,0.016,0.014,0.01686,0.017,0.017,0.01693,0.0174,0.017,0.016,0.017,0.01574,0.01521,0.01327,0.02,0.016,0.014,0.015,0.016620013838,0.01538,0.016,0.017,0.018,0.01343,0.0168509,0.01666,0.018083,0.01716,0.01706,0.011112596,0.018,0.014485,0.015495,0.011,0.0148683336564,0.013,0.018,0.017,0.014,0.019,0.0201889,0.0168602872692,0.014,0.017
"71",0.017,0.01442,0.01,0.01,0.015,0.0128385475018,0.008,0.01018,0.016,0.011,0.011,0.014,0.013,0.01317571475,0.013,0.014,0.01211,0.018,0.013482,0.01503,0.01393,0.014,0.011,0.015,0.01377,0.0120325,0.010793,0.019,0.009,0.01203,0.013,0.01339,0.01242,0.015,0.01122,0.015,0.01102,0.01393425502,0.01366445,0.00920078568,0.012696,0.018,0.01309957944,0.014,0.008,0.01600067769,0.01,0.0141873353311,0.013,0.012,0.012,0.013,0.012,0.0137440560443,0.0129645175572,0.014,0.015
"72",0.014,0.01576,0.011,0.0147225,0.015,0.0131814535123,0.011672949548,0.005,0.013,0.012,0.015,0.014,0.015,0.01257562487,0.01157,0.014,0.013158,0.018,0.016,0.01574,0.01535,0.015,0.014,0.013,0.01417,0.013721,0.01141,0.016,0.013,0.01,0.014,0.0133508344865,0.01481,0.016,0.01327,0.015,0.01176,0.01470831259,0.0146057,0.011,0.013716,0.01518,0.01514350152,0.01426319601,0.008,0.01418459099,0.013,0.0147447335523,0.012,0.016,0.015,0.014,0.015,0.01728828684,0.0128763096594,0.014,0.015
"73",0.015,0.018,0.014,0.0167975,0.017,0.0159342411875,0.014,0.015,0.015,0.017,0.017,0.016,0.016,0.01353645645,0.015,0.014,0.015014,0.016,0.018,0.01663,0.01792,0.017,0.014,0.015,0.01515,0.015177,0.0127,0.015,0.014,0.01478,0.016,0.0153291793515,0.01538,0.017,0.01576,0.016,0.012,0.01589896596,0.0158416,0.015,0.016868,0.013,0.01655827188,0.017,0.013095,0.01418459099,0.015,0.0152801335338,0.014,0.017,0.014,0.014,0.017,0.01769411287,0.0201,0.014,0.019
"74",0.016,0.01822,0.015,0.01475,0.017,0.017,0.016360140701,0.013,0.015,0.017,0.017,0.018,0.018,0.01306909935,0.0145,0.014,0.016534,0.016,0.018,0.01716,0.0177,0.018,0.016,0.018,0.01638,0.01656,0.012,0.015,0.014,0.016,0.016,0.0169941862705,0.01598,0.01756,0.01685,0.017476,0.015,0.01712996143,0.018,0.01735091094,0.01763,0.014,0.018760459528,0.0190762917,0.015995,0.01504947711,0.016,0.015,0.016,0.017,0.016,0.016,0.018,0.0188994010619,0.02115294,0.017,0.019
"75",0.016,0.021,0.018,0.01781,0.018,0.0181213604,0.019,0.018,0.0175,0.02,0.02,0.021,0.019,0.016,0.01665,0.014,0.01853,0.017,0.0195,0.018,0.017,0.021,0.018,0.018,0.01752,0.01706,0.016,0.014,0.015,0.017,0.01846,0.018,0.01686,0.019,0.01776,0.017537,0.016,0.01808855796,0.02,0.01772518506,0.01799,0.01835,0.019520281677,0.018,0.018655,0.01769456915,0.018,0.017,0.017,0.02,0.017,0.015,0.017,0.021537596,0.02016195459,0.017,0.022
"76",0.015,0.024,0.019,0.0175,0.02,0.017,0.0201613920106,0.029,0.02,0.02,0.01909,0.02,0.019,0.019,0.024,0.019,0.021,0.0185,0.0213,0.018,0.02,0.018,0.0237,0.017,0.0196,0.01901,0.016233,0.017,0.018,0.019,0.01961,0.02,0.019,0.019,0.02,0.0043,0.018,0.01866663588,0.01950435,0.01991984838,0.018945,0.01844,0.0200694562376,0.02,0.01918,0.02068807382,0.019,0.01789,0.02,0.022,0.018,0.015,0.018,0.01952104987,0.022,0.02,0.024
"77",0.024,0.027,0.0242,0.017,0.024,0.02218,0.0235915696513,0.022,0.02,0.022,0.023,0.023,0.024,0.022,0.025,0.021,0.025,0.02,0.024,0.022,0.025,0.024,0.02158,0.02,0.02162,0.02114,0.018,0.019,0.022,0.025,0.02294,0.024,0.019,0.021,0.023,0.02,0.022,0.02061723976,0.02,0.021,0.021785,0.019,0.02372832,0.021,0.019,0.02352081333,0.022,0.02219,0.021,0.024,0.022,0.0151321192568,0.021,0.02067856766,0.021,0.02,0.026
"78",0.023,0.022,0.023,0.018835,0.024,0.02421585326,0.023965002687,0.022,0.021,0.022,0.023,0.022,0.022,0.021,0.024,0.023,0.022,0.02165,0.023,0.023,0.02,0.02,0.01934,0.022,0.02182,0.0208785,0.019,0.02,0.025,0.02178,0.022,0.024,0.023,0.021,0.021,0.021,0.02,0.02031617332,0.02261613043,0.02306447562,0.021124,0.0215,0.02382991,0.023,0.021137,0.0191680369,0.021,0.022,0.023,0.024,0.02,0.0124825894426,0.019,0.02220597999,0.0194066,0.005,0.029
"79",0.01845,0.022,0.023,0.01777,0.024,0.0221816609,0.022,0.021,0.019,0.019,0.017,0.019,0.016,0.01786102868,0.019,0.018,0.025,0.01822,0.0184,0.017,0.02131,0.018,0.0177,0.019,0.02008,0.01944,0.014,0.019,0.02,0.017,0.02,0.02,0.01838,0.019,0.017,0.012,0.017,0.01672571159,0.019,0.02,0.018648,0.018,0.0193056329063,0.02,0.01918,0.01687346741,0.019,0.017,0.021,0.02,0.018,0.011,0.018,0.0201727218,0.0221199,0.0185,0.026
"80",0.018,0.021,0.019,0.016,0.02,0.019,0.019330511127,0.01972,0.019,0.019,0.017,0.019,0.016,0.01636361681,0.018,0.018,0.025,0.01706,0.019,0.018,0.02,0.017,0.016,0.017,0.01848,0.0183,0.014,0.018,0.019,0.01663,0.01827,0.018,0.01729,0.018,0.01727,0.019,0.016,0.0171015922,0.017,0.02,0.01906,0.017,0.0194697903188,0.02,0.019,0.01998346541,0.019,0.015,0.021,0.018,0.017,0.021,0.019,0.0197190902071,0.0183461,0.0175,0.017
"81",0.015,0.01,0.012,0.016,0.016,0.01811898169,0.011,0.023,0.016,0.015,0.014,0.016,0.015,0.012,0.017,0.01311,0.015336,0.01614,0.017,0.015,0.018,0.013,0.0125,0.015,0.01555,0.015087,0.013,0.018,0.01505,0.015,0.016,0.016,0.01525,0.018,0.01549,0.0175,0.015,0.01566668678,0.015,0.02,0.0172,0.016,0.0175393105628,0.02,0.0146031,0.01665423212,0.015,0.015,0.015,0.015,0.016,0.0151325894426,0.015,0.01684439,0.0167427,0.01642939062,0.016
"82",0.011,0.016,0.015,0.014335,0.016,0.014,0.011437531548,0.02,0.016,0.011,0.012,0.014,0.01,0.00989727217,0.017,0.01346,0.012744,0.01255,0.014656,0.014,0.015,0.012,0.0134,0.014,0.01396,0.011307,0.014,0.016,0.011,0.01283,0.01509,0.014,0.01354,0.012,0.014,0.015,0.011,0.01296611064,0.014,0.014,0.014646,0.013,0.017417810447,0.017,0.0105678,0.01167024604,0.014,0.01344664847,0.015,0.015,0.011,0.016,0.012,0.01197529407,0.0143971,0.01324778822,0.014
"83",0.01252,0.01323,0.01076,0.011015,0.013,0.01287356687,0.008,0.023,0.014,0.012,0.011,0.011,0.009,0.009,0.017,0.01183,0.011384,0.01127,0.012435,0.013,0.01381,0.01131,0.0086,0.014,0.01255,0.00980550000000001,0.006,0.015,0.0104,0.009,0.01351,0.012,0.01309,0.013,0.009,0.012,0.01,0.01084055766,0.013,0.01544995726,0.011146,0.011,0.014211828355,0.015,0.00975895000000001,0.01262470474,0.013,0.012,0.012,0.014,0.012,0.015,0.013879884812,0.0121888,0.0116912,0.01324778822,0.013
"84",0.011,0.013,0.005,0.01,0.013,0.01195306806,0.005,0.02,0.01,0.008,0.006,0.01,0.005,0.00670290813,0.016,0.00882000000000001,0.008058,0.01116,0.011,0.008,0.01092,0.006,0.00888,0.008,0.0102,0.00733850000000001,0.004,0.009,0.00689,0.00882000000000001,0.00852,0.011,0.00906000000000001,0.011,0.00712,0.00882000000000001,0.006,0.00638582851,0.00954000000000001,0.008,0.00922800000000001,0.00842500000000001,0.0106038071439,0.008,0.006178,0.0094565047,0.01,0.009,0.009,0.011,0.011,0.011,0.012619692832,0.01019314989,0.0087050787994,0.01150224843,0.01
"85",0.01,0.014,0.006,0.01,0.008,0.01200056456,0.008,0.02,0.012,0.008,0.013,0.012,0.009,0.00798,0.016,0.01143,0.009968,0.013,0.01124,0.01141,0.01221,0.011,0.011,0.009,0.01133,0.00927550000000001,0.008,0.012,0.00862000000000001,0.008,0.01177,0.011,0.0111,0.012,0.008,0.012,0.007,0.00871460696,0.01,0.01123626314,0.012,0.0135,0.0120195874338,0.011,0.00823000000000001,0.01028816176,0.012,0.01,0.009,0.013,0.011,0.009,0.013904827218,0.00972289834,0.00898863437,0.01150224843,0.016
"86",-0.03,0.03,-0.004,0.01,-0.021,-0.02408,-0.014635043155,-0.006,-0.00916,-0.07,-0.03,-0.00822000000000001,-0.006,-0.0437620319,0,0.00292,-0.000879999999999999,0.015,-0.031,0.00089,0.02,-0.047,-0.0554,-0.016,-0.00977000000000001,-0.0113315,-0.004773,-0.00392,-0.0028,-0.01264,-0.00696000000000001,-0.04,0.00222,-0.00535,-0.036,-0.00981000000000001,-0.03843676572,-0.00950916731820001,-0.00633855,-0.00681000000000001,-0.045,-0.008746,0.0029510081919,0,-0.015742,-0.109452832,-0.022,-0.016,-0.039,-0.04,-0.02,0.004,-0.001155,-0.0706145959,-0.075,0.007,-0.019
"87",-0.01396,0.00762000000000001,-0.01,0.006,-0.016,-0.023,-0.00775091719599999,0.035,-0.005735,-0.01,-0.01,-0.00527,0.007,-0.05755823824,0.009,4e-04,0.001066,0.01054,-0.011,0.00324,-0.05,-0.01692,-0.019847586496,-0.016,-0.00415,-0.00558,0.001,-0.00147,-0.00268,0.014,-0.00311,-0.013,0.00538,-0.018,-0.00713,-0.025,-0.00784778293,-0.01018213549,0.005,-0.012,0.013,-0.008,0.0055826358915,-0.012,-0.01171,-0.080164,-0.062,-0.009,-0.029,-0.021,-0.0035814376656,0.017,0.00127,-0.0170890871,-0.0200291079794,0.034,-0.002
"88",0.075,0.06,0.13,0.105,0.05358,0.14296,0.119,0.08633,0.02932,0.13,0.13,0.13,0.15,0.1239,0.15,0.053,0.1399,0.0325399999999999,0.144,0.02943,0.08,0.141,0.128861,0.14,0.03213,0.03041,0.04306,0.05547,0.143,0.02856,0.036,0.14,0.03158,0.04852,0.117,0.133,0.04518,0.12694,0.0528499999999999,0.145,0.0521899999999999,0.05762,0.030089,0.145,0.0328099999999999,0.109499985,0.133,0.128,0.107,0.1317,0.142,0.039166,0.02014,0.14046,0.0684530687200001,0.014081,0.123
"89",0.031,0.035,0.034,0.03,0.03,0.07814419752,0.0239243426365,0.027,0.02207,0.008,0.02,0.03,0.033,0.0376088378,0.035,0.02,0.0344,0.02258,0.02484,0.02156,0.02115,0.011,0.02352144962,0.024,0.02338,0.02032,0.014,0.02395,0.036,0.02041,0.02396,0.042,0.02284,0.023,0.005,0.02,0.01915,0.0155580828,0.026,0.01943456056,0.0325,0.02351,0.0224827580964,0.019,0.0228262,0.03947894483,0.013,0.015,0.018,0.02,0.017,0.012,0.01787,0.01938415525,0.0447285,0.033,0.019
"90",0.055,0.042,0.05,0.044,0.051,0.05568208083,0.040800446033,0.033,0.02865,0.037,0.045,0.041,0.049,0.0607515759,0.061,0.046,0.0478,0.0317,0.043455,0.02911,0.03487,0.051,0.04090473838,0.044,0.0316,0.03032,0.036,0.046,0.058,0.02783,0.03411,0.011,0.0313,0.032,0.015,0.046,0.03901,0.04887922932,0.05,0.041,0.044,0.044,0.028246104639,0.041,0.0293058,0.0426000545,0.03611,0.032,0.039,0.0492,0.034,0.039,0.01999,0.039,0.081266764,0.0068,0.05
"91",0.042,0.0440699999999999,0.064,0.04805,0.06,0.06407534955,0.047285526481,0.099,0.02938,0.044,0.057,0.063,0.065,0.0825958039,0.06,0.063,0.0602,0.0325399999999999,0.068,0.02956,0.04048,0.065,0.0578266219788,0.06,0.03248,0.03052,0.048,0.064,0.0687,0.02856,0.036,0.04,0.03172,0.059,0.056,0.0612492,0.054,0.06618609006,0.06,0.0604,0.058,0.072,0.030161,0.0628700000000001,0.0329999999999999,0.0626535079356,0.04196,0.051,0.052,0.0654,0.058,0.041,0.02014,0.06253796656,0.0688184513600001,0.011982,0.06
"92",0.0455499999999999,0.042,0.03,0.037,0.048,0.04985279,0.046305526481,0.087,0.02919,0.029,0.048,0.047,0.042,0.059639668,0.062,0.049,0.060261,0.0324199999999999,0.05852,0.02954,0.04,0.044,0.0452,0.052,0.03237,0.03004,0.044,0.051,0.052,0.02853,0.03536,0.04,0.03148,0.045,0.044,0.05038,0.04278,0.05061688,0.05,0.057,0.052,0.0502,0.030094,0.057,0.0327599999999999,0.067291,0.041,0.043,0.056,0.05,0.0533899999999999,0.044,0.02014,0.0676701,0.0684530687200001,0.012066,0.051
"93",0.044,0.028,0.031,0.027,0.027,0.03644668103,0.0337461262542,0.103,0.027385,0.029,0.03,0.027,0.029,0.02879936142,0.038,0.042,0.033968,0.02905,0.03247,0.02817,0.02994,0.033,0.03126,0.029,0.03146,0.02958,0.032,0.03335,0.035,0.02732,0.03203,0.044,0.02948,0.031,0.029,0.032,0.029,0.02792018623,0.03229,0.034,0.037,0.036,0.0281406077258,0.04,0.029898,0.0374621557,0.03056,0.023,0.023,0.035,0.027,0.007,0.02027,0.02196448341,0.0517608666859,0.0065,0.051
"94",0.02,0.01966,0.01754,0.006,0.021,0.03238084619,0.018,0.01788,0.016845,0.016,0.021,0.017,0.016,0.01819508357,0.011,0.027,0.018538,0.017,0.026,0.01574,0.01654,0.025,0.011,0.0207,0.01591,0.014867,0.02,0.01798,0.01742,0.01584,0.0164,0.03,0.01644,0.022,0.007,0.007,0.014,0.00172489209,0.019,0.018,0.017007,0.018555,0.0183087513767,0.018341525834,0.01601875,0.0176887283,0.016264,0.014,0.016,0.02,0.009,0.01995298142,0.01613490401,0.01915674512,0.0181408150193,0.029,0.005
"95",0.01263,0.01203,0.01033,0.001,0.017,0.03033050514,0.00985209808670001,0.005,0.012525,0.006,0.009,0.01072,0.008,0.02374821609,0.01,0.012,0.009898,0.0104,0.011737,0.01273,0.01272,0.012,0.0098395729,0.01672787608,0.01014,0.00884550000000001,0.019,0.01206,0.012,0.01085,0.01194,0.015,0.0104,0.01054,-0.001,0.013,0.008,0.00162464017,0.01,0.0095,0.0168,0.012,0.0122137901118,0.00954663196010001,0.00666885,-0.00228866844,0.00907500000000001,0.014,-0.001,0.012,0.0092934608344,0.011857298142,0.012,0.00467852022,-0.0110029,0.00702050056,0.002
"96",-0.015,0.00686,-0.004,-0.02,0,-0.010774328536,-0.002506450626,0.017,-0.000395,-0.001,-0.00354,-0.0015,-0.012,-0.0288932374,-0.01,-0.01,0.000444000000000001,0.00849,-0.006889,0.00211,-0.01,-0.011,-0.0043895404,-0.0020717336,-0.0018,-0.00345,0,0.001,-0.008,-0.00138,5e-04,0.006,0.00332,-0.005,-0.00641,-0.004,-0.007415234633,-0.0059193063,0.017,-0.003,0.006,-0.005,0.0049151443516,-0.003062,-0.00812000000000001,-0.0275553277,-0.011985,-0.002,-0.014,-0.002,-0.002,0.008,0.00215,-0.007885306,-0.0084770586802,0.0049695733,-0.015
"97",0.012,0.00931000000000001,-0.00066,-0.005,0.002,-0.0064848783396,0.002114267842,0.015,0.003,0.003,0,-0.00082,-0.004,-0.01,-0.004,0.002,-0.000708,0.00781000000000001,0.004,0.00173,0.00958000000000001,-0.002,-0.002,0.0006708468,-0.00225,-0.0022115,0,0.005,0.002,-0.00041,0.00083,0.00256,0.00238,0,-0.002,-0.004,-0.003,-0.0043204338,-0.002,0,-0.004,-0.004268,0.0041627404738,0,-0.006352,-0.0021958977,-0.002411,-0.003,-0.011,0.006,-0.009,0.008,0.007294961604,0.0049859465,-0.0138798231,0.0045528174,-0.01
"98",0.014,0.01316,0.01,0.007,0.008,0.0081493929499,0.0088707446102,0.018,0.00861500000000001,0.009,0.007,0.00806000000000001,-0.005,0.0045461998,0.003,0.009,0.004964,0.01134,0.0124,0.00797000000000001,0.00959000000000001,0.005,0.005507458,0.0061559937,0.00937000000000001,0.00557,0.011,0.009,0.006,0.00756000000000001,0.00653,0.003,0.00764,0.00712,0.007,0.005,0.005,0.00693564169880001,0.008,0.0082024246316,0.006834,0.0019,0.010788491474,0.0042,0.0032299,0.0061875417,0.00784700000000001,0.004,0,0.014,0.0082169310488,0.012,0.011669654436,0.0042,0.0226097718,0.0037,0.005
"99",0.014,0.01362,0.009,0.00955000000000001,0.008,0.012,0.00974018605000001,0.003,0.013,0.00945000000000001,0.008,0.00944000000000001,0.004,0.002978707,0.003,0.011,0.0114,0.01103,0.0136,0.01207,0.01195,0.009,0.011,0.0092067852,0.01094,0.00828000000000001,0.013,0.011,0.008,0.00944000000000001,0.01112,0.012,0.01002,0.01091,0.00700000000000001,0.009,0.007,0.0099158471,0.013,0.011,0.010638,0.0099,0.0118370718865,0.011,0.00703600000000001,0.0026837906,0.011034,0.007,0.008,0.011,0.006,0.014,0.0084980802,0.01,0.0116383614478,0.016,0.008
